== forcing an XFS shutdown (xfs_io -x -c shutdown), simulating an unclean crash ==

== xfs_repair -n on the crashed disk, dry-run only, before any mount ==
Phase 1 - find and verify superblock...
Phase 2 - using internal log
        - zero log...
ALERT: The filesystem has valuable metadata changes in a log which is being
ignored because the -n option was used.  Expect spurious inconsistencies
which may be resolved by first mounting the filesystem to replay the log.
        - scan filesystem freespace and inode maps...
        - found root inode chunk
Phase 3 - for each AG...
        - scan (but don't clear) agi unlinked lists...
        - process known inodes and perform inode discovery...
        - agno = 0
        - agno = 1
        - agno = 2
        - agno = 3
        - process newly discovered inodes...
Phase 4 - check for duplicate blocks...
        - setting up duplicate extent list...
        - check for inodes claiming duplicate blocks...
        - agno = 0
        - agno = 1
        - agno = 3
        - agno = 2
No modify flag set, skipping phase 5
Phase 6 - check inode connectivity...
        - traversing filesystem ...
        - traversal finished ...
        - moving disconnected inodes to lost+found ...
Phase 7 - verify link counts...
No modify flag set, skipping filesystem flush and exiting.
xfs_repair -n exit status on a dirty (crashed) log: 1

== mount -o ro against a *fresh copy* of the dirty-log disk (variant: plain-ro) ==
mount exit status: 0
contents:
total 36
drwxr-xr-x 2 root root    38 Sep 15 22:30 .
drwxr-xr-x 3 root root    60 Sep 15 22:30 ..
-rw-r--r-- 1 root root    13 Sep 15 22:30 marker
-rw-r--r-- 1 root root 32768 Sep 15 22:30 synced.bin
partition bytes CHANGED by this mount (497534b640451c2db6cd3239f0dd2a2b5d8eebba0f6c6b34ef1a795d07d8db8b -> 5731c90d9cf502a17aadf378378dfce7a974d5cb81fdd12ffc8cd130ebaebb57) — this mount wrote to the device despite being requested read-only
byte diff: cmp -l found 4399 differing byte(s), in these ranges (0-indexed, half-open):
  101-102: primary superblock (first sector, offset 0-511)
  143-144: primary superblock (first sector, offset 0-511)
  151-152: primary superblock (first sector, offset 0-511)
  160-176: primary superblock (first sector, offset 0-511)
  224-228: primary superblock (first sector, offset 0-511)
  232-240: primary superblock (first sector, offset 0-511)
  243-244: primary superblock (first sector, offset 0-511)
  247-248: primary superblock (first sector, offset 0-511)
  567-568: outside the primary superblock and the internal log region — not further identified
  571-572: outside the primary superblock and the internal log region — not further identified
  723-724: outside the primary superblock and the internal log region — not further identified
  727-732: outside the primary superblock and the internal log region — not further identified
  1055-1056: outside the primary superblock and the internal log region — not further identified
  1336-1340: outside the primary superblock and the internal log region — not further identified
  1347-1348: outside the primary superblock and the internal log region — not further identified
  1351-1352: outside the primary superblock and the internal log region — not further identified
  4123-4124: outside the primary superblock and the internal log region — not further identified
  4127-4128: outside the primary superblock and the internal log region — not further identified
  4148-4152: outside the primary superblock and the internal log region — not further identified
  4155-4156: outside the primary superblock and the internal log region — not further identified
  4159-4160: outside the primary superblock and the internal log region — not further identified
  4163-4164: outside the primary superblock and the internal log region — not further identified
  4167-4168: outside the primary superblock and the internal log region — not further identified
  8219-8220: outside the primary superblock and the internal log region — not further identified
  8223-8224: outside the primary superblock and the internal log region — not further identified
  8244-8248: outside the primary superblock and the internal log region — not further identified
  8251-8252: outside the primary superblock and the internal log region — not further identified
  8255-8256: outside the primary superblock and the internal log region — not further identified
  8259-8260: outside the primary superblock and the internal log region — not further identified
  8263-8264: outside the primary superblock and the internal log region — not further identified
  12315-12316: outside the primary superblock and the internal log region — not further identified
  12319-12320: outside the primary superblock and the internal log region — not further identified
  12340-12344: outside the primary superblock and the internal log region — not further identified
  12351-12352: outside the primary superblock and the internal log region — not further identified
  12359-12360: outside the primary superblock and the internal log region — not further identified
  16411-16412: outside the primary superblock and the internal log region — not further identified
  16415-16416: outside the primary superblock and the internal log region — not further identified
  16436-16440: outside the primary superblock and the internal log region — not further identified
  16447-16448: outside the primary superblock and the internal log region — not further identified
  16455-16456: outside the primary superblock and the internal log region — not further identified
  20487-20488: outside the primary superblock and the internal log region — not further identified
  20507-20508: outside the primary superblock and the internal log region — not further identified
  20511-20512: outside the primary superblock and the internal log region — not further identified
  20532-20536: outside the primary superblock and the internal log region — not further identified
  20683-20684: outside the primary superblock and the internal log region — not further identified
  20687-20696: outside the primary superblock and the internal log region — not further identified
  20707-20708: outside the primary superblock and the internal log region — not further identified
  20711-20720: outside the primary superblock and the internal log region — not further identified
  20731-20732: outside the primary superblock and the internal log region — not further identified
  20735-20736: outside the primary superblock and the internal log region — not further identified
  20743-20744: outside the primary superblock and the internal log region — not further identified
  65581-65584: outside the primary superblock and the internal log region — not further identified
  65589-65592: outside the primary superblock and the internal log region — not further identified
  65599-65600: outside the primary superblock and the internal log region — not further identified
  65636-65640: outside the primary superblock and the internal log region — not further identified
  65647-65648: outside the primary superblock and the internal log region — not further identified
  65651-65652: outside the primary superblock and the internal log region — not further identified
  65655-65656: outside the primary superblock and the internal log region — not further identified
  65712-65713: outside the primary superblock and the internal log region — not further identified
  65718-65719: outside the primary superblock and the internal log region — not further identified
  65720-65728: outside the primary superblock and the internal log region — not further identified
  65731-65733: outside the primary superblock and the internal log region — not further identified
  65734-65746: outside the primary superblock and the internal log region — not further identified
  65749-65750: outside the primary superblock and the internal log region — not further identified
  67074-67076: outside the primary superblock and the internal log region — not further identified
  67077-67078: outside the primary superblock and the internal log region — not further identified
  67091-67092: outside the primary superblock and the internal log region — not further identified
  67103-67128: outside the primary superblock and the internal log region — not further identified
  67135-67136: outside the primary superblock and the internal log region — not further identified
  67143-67144: outside the primary superblock and the internal log region — not further identified
  67154-67156: outside the primary superblock and the internal log region — not further identified
  67164-67168: outside the primary superblock and the internal log region — not further identified
  67172-67176: outside the primary superblock and the internal log region — not further identified
  67183-67184: outside the primary superblock and the internal log region — not further identified
  67187-67188: outside the primary superblock and the internal log region — not further identified
  67191-67192: outside the primary superblock and the internal log region — not further identified
  67199-67200: outside the primary superblock and the internal log region — not further identified
  67216-67224: outside the primary superblock and the internal log region — not further identified
  67260-67262: outside the primary superblock and the internal log region — not further identified
  67263-67264: outside the primary superblock and the internal log region — not further identified
  67586-67588: outside the primary superblock and the internal log region — not further identified
  67589-67590: outside the primary superblock and the internal log region — not further identified
  67603-67604: outside the primary superblock and the internal log region — not further identified
  67615-67640: outside the primary superblock and the internal log region — not further identified
  67646-67647: outside the primary superblock and the internal log region — not further identified
  67655-67656: outside the primary superblock and the internal log region — not further identified
  67666-67668: outside the primary superblock and the internal log region — not further identified
  67676-67680: outside the primary superblock and the internal log region — not further identified
  67684-67688: outside the primary superblock and the internal log region — not further identified
  67695-67696: outside the primary superblock and the internal log region — not further identified
  67699-67700: outside the primary superblock and the internal log region — not further identified
  67703-67704: outside the primary superblock and the internal log region — not further identified
  67711-67712: outside the primary superblock and the internal log region — not further identified
  67728-67736: outside the primary superblock and the internal log region — not further identified
  67772-67773: outside the primary superblock and the internal log region — not further identified
  67775-67776: outside the primary superblock and the internal log region — not further identified
  167789063-167789064: internal log region (offset 167784448-234893311)
  167789070-167789071: internal log region (offset 167784448-234893311)
  167789075-167789076: internal log region (offset 167784448-234893311)
  167789087-167789092: internal log region (offset 167784448-234893311)
  167789095-167789096: internal log region (offset 167784448-234893311)
  167789099-167789104: internal log region (offset 167784448-234893311)
  167789378-167789379: internal log region (offset 167784448-234893311)
  167789568-167789572: internal log region (offset 167784448-234893311)
  167789576-167789578: internal log region (offset 167784448-234893311)
  167789579-167789584: internal log region (offset 167784448-234893311)
  167789587-167789589: internal log region (offset 167784448-234893311)
  167789591-167789597: internal log region (offset 167784448-234893311)
  167789600-167789605: internal log region (offset 167784448-234893311)
  167789608-167789612: internal log region (offset 167784448-234893311)
  167789615-167789617: internal log region (offset 167784448-234893311)
  167789620-167789623: internal log region (offset 167784448-234893311)
  167789625-167789627: internal log region (offset 167784448-234893311)
  167789636-167789637: internal log region (offset 167784448-234893311)
  167789640-167789641: internal log region (offset 167784448-234893311)
  167789644-167789648: internal log region (offset 167784448-234893311)
  167789650-167789653: internal log region (offset 167784448-234893311)
  167789656-167789660: internal log region (offset 167784448-234893311)
  167789662-167789663: internal log region (offset 167784448-234893311)
  167789669-167789672: internal log region (offset 167784448-234893311)
  167789688-167789704: internal log region (offset 167784448-234893311)
  167789709-167789710: internal log region (offset 167784448-234893311)
  167789711-167789712: internal log region (offset 167784448-234893311)
  167789719-167789720: internal log region (offset 167784448-234893311)
  167789727-167789728: internal log region (offset 167784448-234893311)
  167789735-167789736: internal log region (offset 167784448-234893311)
  167789739-167789740: internal log region (offset 167784448-234893311)
  167789742-167789744: internal log region (offset 167784448-234893311)
  167789747-167789748: internal log region (offset 167784448-234893311)
  167789754-167789755: internal log region (offset 167784448-234893311)
  167789756-167789759: internal log region (offset 167784448-234893311)
  167789760-167789761: internal log region (offset 167784448-234893311)
  167789763-167789764: internal log region (offset 167784448-234893311)
  167789776-167789781: internal log region (offset 167784448-234893311)
  167789783-167789784: internal log region (offset 167784448-234893311)
  167789791-167789792: internal log region (offset 167784448-234893311)
  167789799-167789800: internal log region (offset 167784448-234893311)
  167789806-167789808: internal log region (offset 167784448-234893311)
  167789816-167789832: internal log region (offset 167784448-234893311)
  167789839-167789840: internal log region (offset 167784448-234893311)
  167789855-167789856: internal log region (offset 167784448-234893311)
  167789858-167789860: internal log region (offset 167784448-234893311)
  167789862-167789864: internal log region (offset 167784448-234893311)
  167789871-167789896: internal log region (offset 167784448-234893311)
  167789899-167789900: internal log region (offset 167784448-234893311)
  167789903-167789904: internal log region (offset 167784448-234893311)
  167790040-167790044: internal log region (offset 167784448-234893311)
  167790048-167790050: internal log region (offset 167784448-234893311)
  167790087-167790088: internal log region (offset 167784448-234893311)
  167790094-167790095: internal log region (offset 167784448-234893311)
  167790099-167790100: internal log region (offset 167784448-234893311)
  167790111-167790116: internal log region (offset 167784448-234893311)
  167790119-167790120: internal log region (offset 167784448-234893311)
  167790123-167790128: internal log region (offset 167784448-234893311)
  167790402-167790403: internal log region (offset 167784448-234893311)
  167790592-167790596: internal log region (offset 167784448-234893311)
  167790600-167790602: internal log region (offset 167784448-234893311)
  167790603-167790606: internal log region (offset 167784448-234893311)
  167790615-167790616: internal log region (offset 167784448-234893311)
  167790619-167790620: internal log region (offset 167784448-234893311)
  167790895-167790912: internal log region (offset 167784448-234893311)
  167791111-167791112: internal log region (offset 167784448-234893311)
  167791118-167791119: internal log region (offset 167784448-234893311)
  167791123-167791124: internal log region (offset 167784448-234893311)
  167791135-167791140: internal log region (offset 167784448-234893311)
  167791143-167791144: internal log region (offset 167784448-234893311)
  167791147-167791152: internal log region (offset 167784448-234893311)
  167791426-167791427: internal log region (offset 167784448-234893311)
  167791616-167791620: internal log region (offset 167784448-234893311)
  167791624-167791626: internal log region (offset 167784448-234893311)
  167791627-167791632: internal log region (offset 167784448-234893311)
  167791635-167791637: internal log region (offset 167784448-234893311)
  167791639-167791645: internal log region (offset 167784448-234893311)
  167791648-167791653: internal log region (offset 167784448-234893311)
  167791656-167791660: internal log region (offset 167784448-234893311)
  167791663-167791665: internal log region (offset 167784448-234893311)
  167791668-167791671: internal log region (offset 167784448-234893311)
  167791673-167791675: internal log region (offset 167784448-234893311)
  167791684-167791685: internal log region (offset 167784448-234893311)
  167791688-167791689: internal log region (offset 167784448-234893311)
  167791692-167791696: internal log region (offset 167784448-234893311)
  167791698-167791701: internal log region (offset 167784448-234893311)
  167791704-167791708: internal log region (offset 167784448-234893311)
  167791710-167791711: internal log region (offset 167784448-234893311)
  167791717-167791720: internal log region (offset 167784448-234893311)
  167791736-167791752: internal log region (offset 167784448-234893311)
  167791757-167791758: internal log region (offset 167784448-234893311)
  167791759-167791760: internal log region (offset 167784448-234893311)
  167791767-167791768: internal log region (offset 167784448-234893311)
  167791775-167791776: internal log region (offset 167784448-234893311)
  167791783-167791784: internal log region (offset 167784448-234893311)
  167791787-167791788: internal log region (offset 167784448-234893311)
  167791790-167791792: internal log region (offset 167784448-234893311)
  167791795-167791796: internal log region (offset 167784448-234893311)
  167791802-167791803: internal log region (offset 167784448-234893311)
  167791804-167791807: internal log region (offset 167784448-234893311)
  167791808-167791809: internal log region (offset 167784448-234893311)
  167791811-167791812: internal log region (offset 167784448-234893311)
  167791824-167791829: internal log region (offset 167784448-234893311)
  167791831-167791832: internal log region (offset 167784448-234893311)
  167791839-167791840: internal log region (offset 167784448-234893311)
  167791847-167791848: internal log region (offset 167784448-234893311)
  167791854-167791856: internal log region (offset 167784448-234893311)
  167791864-167791880: internal log region (offset 167784448-234893311)
  167791887-167791888: internal log region (offset 167784448-234893311)
  167791903-167791904: internal log region (offset 167784448-234893311)
  167791906-167791908: internal log region (offset 167784448-234893311)
  167791910-167791912: internal log region (offset 167784448-234893311)
  167791919-167791944: internal log region (offset 167784448-234893311)
  167791947-167791948: internal log region (offset 167784448-234893311)
  167791951-167791952: internal log region (offset 167784448-234893311)
  167792088-167792092: internal log region (offset 167784448-234893311)
  167792096-167792098: internal log region (offset 167784448-234893311)
  167792135-167792136: internal log region (offset 167784448-234893311)
  167792142-167792143: internal log region (offset 167784448-234893311)
  167792147-167792148: internal log region (offset 167784448-234893311)
  167792159-167792164: internal log region (offset 167784448-234893311)
  167792167-167792168: internal log region (offset 167784448-234893311)
  167792171-167792176: internal log region (offset 167784448-234893311)
  167792450-167792451: internal log region (offset 167784448-234893311)
  167792640-167792644: internal log region (offset 167784448-234893311)
  167792648-167792650: internal log region (offset 167784448-234893311)
  167792651-167792656: internal log region (offset 167784448-234893311)
  167792659-167792661: internal log region (offset 167784448-234893311)
  167792663-167792669: internal log region (offset 167784448-234893311)
  167792672-167792677: internal log region (offset 167784448-234893311)
  167792680-167792684: internal log region (offset 167784448-234893311)
  167792687-167792689: internal log region (offset 167784448-234893311)
  167792692-167792695: internal log region (offset 167784448-234893311)
  167792697-167792699: internal log region (offset 167784448-234893311)
  167792708-167792709: internal log region (offset 167784448-234893311)
  167792712-167792713: internal log region (offset 167784448-234893311)
  167792716-167792720: internal log region (offset 167784448-234893311)
  167792722-167792725: internal log region (offset 167784448-234893311)
  167792728-167792732: internal log region (offset 167784448-234893311)
  167792734-167792735: internal log region (offset 167784448-234893311)
  167792741-167792744: internal log region (offset 167784448-234893311)
  167792760-167792776: internal log region (offset 167784448-234893311)
  167792781-167792782: internal log region (offset 167784448-234893311)
  167792783-167792784: internal log region (offset 167784448-234893311)
  167792791-167792792: internal log region (offset 167784448-234893311)
  167792799-167792800: internal log region (offset 167784448-234893311)
  167792807-167792808: internal log region (offset 167784448-234893311)
  167792811-167792812: internal log region (offset 167784448-234893311)
  167792814-167792816: internal log region (offset 167784448-234893311)
  167792819-167792820: internal log region (offset 167784448-234893311)
  167792826-167792827: internal log region (offset 167784448-234893311)
  167792828-167792831: internal log region (offset 167784448-234893311)
  167792832-167792833: internal log region (offset 167784448-234893311)
  167792835-167792836: internal log region (offset 167784448-234893311)
  167792848-167792853: internal log region (offset 167784448-234893311)
  167792855-167792856: internal log region (offset 167784448-234893311)
  167792863-167792864: internal log region (offset 167784448-234893311)
  167792871-167792872: internal log region (offset 167784448-234893311)
  167792878-167792880: internal log region (offset 167784448-234893311)
  167792888-167792904: internal log region (offset 167784448-234893311)
  167792911-167792912: internal log region (offset 167784448-234893311)
  167792927-167792928: internal log region (offset 167784448-234893311)
  167792930-167792932: internal log region (offset 167784448-234893311)
  167792934-167792936: internal log region (offset 167784448-234893311)
  167792943-167792968: internal log region (offset 167784448-234893311)
  167792971-167792972: internal log region (offset 167784448-234893311)
  167792975-167792976: internal log region (offset 167784448-234893311)
  167793112-167793116: internal log region (offset 167784448-234893311)
  167793120-167793122: internal log region (offset 167784448-234893311)
  167793159-167793160: internal log region (offset 167784448-234893311)
  167793166-167793167: internal log region (offset 167784448-234893311)
  167793171-167793172: internal log region (offset 167784448-234893311)
  167793183-167793188: internal log region (offset 167784448-234893311)
  167793191-167793192: internal log region (offset 167784448-234893311)
  167793195-167793200: internal log region (offset 167784448-234893311)
  167793474-167793475: internal log region (offset 167784448-234893311)
  167793664-167793668: internal log region (offset 167784448-234893311)
  167793672-167793674: internal log region (offset 167784448-234893311)
  167793675-167793678: internal log region (offset 167784448-234893311)
  167793687-167793688: internal log region (offset 167784448-234893311)
  167793691-167793692: internal log region (offset 167784448-234893311)
  167793967-167793984: internal log region (offset 167784448-234893311)
  167794207-167794208: internal log region (offset 167784448-234893311)
  167794719-167794720: internal log region (offset 167784448-234893311)
  167795231-167795232: internal log region (offset 167784448-234893311)
  167795743-167795744: internal log region (offset 167784448-234893311)
  167796255-167796256: internal log region (offset 167784448-234893311)
  167796767-167796768: internal log region (offset 167784448-234893311)
  167797279-167797280: internal log region (offset 167784448-234893311)
  167797791-167797792: internal log region (offset 167784448-234893311)
  167798303-167798304: internal log region (offset 167784448-234893311)
  167798815-167798816: internal log region (offset 167784448-234893311)
  167799327-167799328: internal log region (offset 167784448-234893311)
  167799839-167799840: internal log region (offset 167784448-234893311)
  167800351-167800352: internal log region (offset 167784448-234893311)
  167800863-167800864: internal log region (offset 167784448-234893311)
  167801375-167801376: internal log region (offset 167784448-234893311)
  167801887-167801888: internal log region (offset 167784448-234893311)
  167802399-167802400: internal log region (offset 167784448-234893311)
  167802911-167802912: internal log region (offset 167784448-234893311)
  167803423-167803424: internal log region (offset 167784448-234893311)
  167803935-167803936: internal log region (offset 167784448-234893311)
  167804447-167804448: internal log region (offset 167784448-234893311)
  167804959-167804960: internal log region (offset 167784448-234893311)
  167805471-167805472: internal log region (offset 167784448-234893311)
  167805983-167805984: internal log region (offset 167784448-234893311)
  167806495-167806496: internal log region (offset 167784448-234893311)
  167807007-167807008: internal log region (offset 167784448-234893311)
  167807519-167807520: internal log region (offset 167784448-234893311)
  167808031-167808032: internal log region (offset 167784448-234893311)
  167808543-167808544: internal log region (offset 167784448-234893311)
  167809055-167809056: internal log region (offset 167784448-234893311)
  167809567-167809568: internal log region (offset 167784448-234893311)
  167810079-167810080: internal log region (offset 167784448-234893311)
  167810591-167810592: internal log region (offset 167784448-234893311)
  167811103-167811104: internal log region (offset 167784448-234893311)
  167811615-167811616: internal log region (offset 167784448-234893311)
  167812127-167812128: internal log region (offset 167784448-234893311)
  167812639-167812640: internal log region (offset 167784448-234893311)
  167813151-167813152: internal log region (offset 167784448-234893311)
  167813663-167813664: internal log region (offset 167784448-234893311)
  167814175-167814176: internal log region (offset 167784448-234893311)
  167814687-167814688: internal log region (offset 167784448-234893311)
  167815199-167815200: internal log region (offset 167784448-234893311)
  167815711-167815712: internal log region (offset 167784448-234893311)
  167816223-167816224: internal log region (offset 167784448-234893311)
  167816735-167816736: internal log region (offset 167784448-234893311)
  167817247-167817248: internal log region (offset 167784448-234893311)
  167817759-167817760: internal log region (offset 167784448-234893311)
  167818271-167818272: internal log region (offset 167784448-234893311)
  167818783-167818784: internal log region (offset 167784448-234893311)
  167819295-167819296: internal log region (offset 167784448-234893311)
  167819807-167819808: internal log region (offset 167784448-234893311)
  167820319-167820320: internal log region (offset 167784448-234893311)
  167820831-167820832: internal log region (offset 167784448-234893311)
  167821343-167821344: internal log region (offset 167784448-234893311)
  167821855-167821856: internal log region (offset 167784448-234893311)
  167822367-167822368: internal log region (offset 167784448-234893311)
  167822879-167822880: internal log region (offset 167784448-234893311)
  167823391-167823392: internal log region (offset 167784448-234893311)
  167823903-167823904: internal log region (offset 167784448-234893311)
  167824415-167824416: internal log region (offset 167784448-234893311)
  167824927-167824928: internal log region (offset 167784448-234893311)
  167825439-167825440: internal log region (offset 167784448-234893311)
  167825951-167825952: internal log region (offset 167784448-234893311)
  167826463-167826464: internal log region (offset 167784448-234893311)
  167826975-167826976: internal log region (offset 167784448-234893311)
  167827487-167827488: internal log region (offset 167784448-234893311)
  167827999-167828000: internal log region (offset 167784448-234893311)
  167828511-167828512: internal log region (offset 167784448-234893311)
  167829023-167829024: internal log region (offset 167784448-234893311)
  167829535-167829536: internal log region (offset 167784448-234893311)
  167830047-167830048: internal log region (offset 167784448-234893311)
  167830559-167830560: internal log region (offset 167784448-234893311)
  167831071-167831072: internal log region (offset 167784448-234893311)
  167831583-167831584: internal log region (offset 167784448-234893311)
  167832095-167832096: internal log region (offset 167784448-234893311)
  167832607-167832608: internal log region (offset 167784448-234893311)
  167833119-167833120: internal log region (offset 167784448-234893311)
  167833631-167833632: internal log region (offset 167784448-234893311)
  167834143-167834144: internal log region (offset 167784448-234893311)
  167834655-167834656: internal log region (offset 167784448-234893311)
  167835167-167835168: internal log region (offset 167784448-234893311)
  167835679-167835680: internal log region (offset 167784448-234893311)
  167836191-167836192: internal log region (offset 167784448-234893311)
  167836703-167836704: internal log region (offset 167784448-234893311)
  167837215-167837216: internal log region (offset 167784448-234893311)
  167837727-167837728: internal log region (offset 167784448-234893311)
  167838239-167838240: internal log region (offset 167784448-234893311)
  167838751-167838752: internal log region (offset 167784448-234893311)
  167839263-167839264: internal log region (offset 167784448-234893311)
  167839775-167839776: internal log region (offset 167784448-234893311)
  167840287-167840288: internal log region (offset 167784448-234893311)
  167840799-167840800: internal log region (offset 167784448-234893311)
  167841311-167841312: internal log region (offset 167784448-234893311)
  167841823-167841824: internal log region (offset 167784448-234893311)
  167842335-167842336: internal log region (offset 167784448-234893311)
  167842847-167842848: internal log region (offset 167784448-234893311)
  167843359-167843360: internal log region (offset 167784448-234893311)
  167843871-167843872: internal log region (offset 167784448-234893311)
  167844383-167844384: internal log region (offset 167784448-234893311)
  167844895-167844896: internal log region (offset 167784448-234893311)
  167845407-167845408: internal log region (offset 167784448-234893311)
  167845919-167845920: internal log region (offset 167784448-234893311)
  167846431-167846432: internal log region (offset 167784448-234893311)
  167846943-167846944: internal log region (offset 167784448-234893311)
  167847455-167847456: internal log region (offset 167784448-234893311)
  167847967-167847968: internal log region (offset 167784448-234893311)
  167848479-167848480: internal log region (offset 167784448-234893311)
  167848991-167848992: internal log region (offset 167784448-234893311)
  167849503-167849504: internal log region (offset 167784448-234893311)
  167850015-167850016: internal log region (offset 167784448-234893311)
  167850527-167850528: internal log region (offset 167784448-234893311)
  167851039-167851040: internal log region (offset 167784448-234893311)
  167851551-167851552: internal log region (offset 167784448-234893311)
  167852063-167852064: internal log region (offset 167784448-234893311)
  167852575-167852576: internal log region (offset 167784448-234893311)
  167853087-167853088: internal log region (offset 167784448-234893311)
  167853599-167853600: internal log region (offset 167784448-234893311)
  167854111-167854112: internal log region (offset 167784448-234893311)
  167854623-167854624: internal log region (offset 167784448-234893311)
  167855135-167855136: internal log region (offset 167784448-234893311)
  167855647-167855648: internal log region (offset 167784448-234893311)
  167856159-167856160: internal log region (offset 167784448-234893311)
  167856671-167856672: internal log region (offset 167784448-234893311)
  167857183-167857184: internal log region (offset 167784448-234893311)
  167857695-167857696: internal log region (offset 167784448-234893311)
  167858207-167858208: internal log region (offset 167784448-234893311)
  167858719-167858720: internal log region (offset 167784448-234893311)
  167859231-167859232: internal log region (offset 167784448-234893311)
  167859743-167859744: internal log region (offset 167784448-234893311)
  167860255-167860256: internal log region (offset 167784448-234893311)
  167860767-167860768: internal log region (offset 167784448-234893311)
  167861279-167861280: internal log region (offset 167784448-234893311)
  167861791-167861792: internal log region (offset 167784448-234893311)
  167862303-167862304: internal log region (offset 167784448-234893311)
  167862815-167862816: internal log region (offset 167784448-234893311)
  167863327-167863328: internal log region (offset 167784448-234893311)
  167863839-167863840: internal log region (offset 167784448-234893311)
  167864351-167864352: internal log region (offset 167784448-234893311)
  167864863-167864864: internal log region (offset 167784448-234893311)
  167865375-167865376: internal log region (offset 167784448-234893311)
  167865887-167865888: internal log region (offset 167784448-234893311)
  167866399-167866400: internal log region (offset 167784448-234893311)
  167866911-167866912: internal log region (offset 167784448-234893311)
  167867423-167867424: internal log region (offset 167784448-234893311)
  167867935-167867936: internal log region (offset 167784448-234893311)
  167868447-167868448: internal log region (offset 167784448-234893311)
  167868959-167868960: internal log region (offset 167784448-234893311)
  167869471-167869472: internal log region (offset 167784448-234893311)
  167869983-167869984: internal log region (offset 167784448-234893311)
  167870495-167870496: internal log region (offset 167784448-234893311)
  167871007-167871008: internal log region (offset 167784448-234893311)
  167871519-167871520: internal log region (offset 167784448-234893311)
  167872031-167872032: internal log region (offset 167784448-234893311)
  167872543-167872544: internal log region (offset 167784448-234893311)
  167873055-167873056: internal log region (offset 167784448-234893311)
  167873567-167873568: internal log region (offset 167784448-234893311)
  167874079-167874080: internal log region (offset 167784448-234893311)
  167874591-167874592: internal log region (offset 167784448-234893311)
  167875103-167875104: internal log region (offset 167784448-234893311)
  167875615-167875616: internal log region (offset 167784448-234893311)
  167876127-167876128: internal log region (offset 167784448-234893311)
  167876639-167876640: internal log region (offset 167784448-234893311)
  167877151-167877152: internal log region (offset 167784448-234893311)
  167877663-167877664: internal log region (offset 167784448-234893311)
  167878175-167878176: internal log region (offset 167784448-234893311)
  167878687-167878688: internal log region (offset 167784448-234893311)
  167879199-167879200: internal log region (offset 167784448-234893311)
  167879711-167879712: internal log region (offset 167784448-234893311)
  167880223-167880224: internal log region (offset 167784448-234893311)
  167880735-167880736: internal log region (offset 167784448-234893311)
  167881247-167881248: internal log region (offset 167784448-234893311)
  167881759-167881760: internal log region (offset 167784448-234893311)
  167882271-167882272: internal log region (offset 167784448-234893311)
  167882783-167882784: internal log region (offset 167784448-234893311)
  167883295-167883296: internal log region (offset 167784448-234893311)
  167883807-167883808: internal log region (offset 167784448-234893311)
  167884319-167884320: internal log region (offset 167784448-234893311)
  167884831-167884832: internal log region (offset 167784448-234893311)
  167885343-167885344: internal log region (offset 167784448-234893311)
  167885855-167885856: internal log region (offset 167784448-234893311)
  167886367-167886368: internal log region (offset 167784448-234893311)
  167886879-167886880: internal log region (offset 167784448-234893311)
  167887391-167887392: internal log region (offset 167784448-234893311)
  167887903-167887904: internal log region (offset 167784448-234893311)
  167888415-167888416: internal log region (offset 167784448-234893311)
  167888927-167888928: internal log region (offset 167784448-234893311)
  167889439-167889440: internal log region (offset 167784448-234893311)
  167889951-167889952: internal log region (offset 167784448-234893311)
  167890463-167890464: internal log region (offset 167784448-234893311)
  167890975-167890976: internal log region (offset 167784448-234893311)
  167891487-167891488: internal log region (offset 167784448-234893311)
  167891999-167892000: internal log region (offset 167784448-234893311)
  167892511-167892512: internal log region (offset 167784448-234893311)
  167893023-167893024: internal log region (offset 167784448-234893311)
  167893535-167893536: internal log region (offset 167784448-234893311)
  167894047-167894048: internal log region (offset 167784448-234893311)
  167894559-167894560: internal log region (offset 167784448-234893311)
  167895071-167895072: internal log region (offset 167784448-234893311)
  167895583-167895584: internal log region (offset 167784448-234893311)
  167896095-167896096: internal log region (offset 167784448-234893311)
  167896607-167896608: internal log region (offset 167784448-234893311)
  167897119-167897120: internal log region (offset 167784448-234893311)
  167897631-167897632: internal log region (offset 167784448-234893311)
  167898143-167898144: internal log region (offset 167784448-234893311)
  167898655-167898656: internal log region (offset 167784448-234893311)
  167899167-167899168: internal log region (offset 167784448-234893311)
  167899679-167899680: internal log region (offset 167784448-234893311)
  167900191-167900192: internal log region (offset 167784448-234893311)
  167900703-167900704: internal log region (offset 167784448-234893311)
  167901215-167901216: internal log region (offset 167784448-234893311)
  167901727-167901728: internal log region (offset 167784448-234893311)
  167902239-167902240: internal log region (offset 167784448-234893311)
  167902751-167902752: internal log region (offset 167784448-234893311)
  167903263-167903264: internal log region (offset 167784448-234893311)
  167903775-167903776: internal log region (offset 167784448-234893311)
  167904287-167904288: internal log region (offset 167784448-234893311)
  167904799-167904800: internal log region (offset 167784448-234893311)
  167905311-167905312: internal log region (offset 167784448-234893311)
  167905823-167905824: internal log region (offset 167784448-234893311)
  167906335-167906336: internal log region (offset 167784448-234893311)
  167906847-167906848: internal log region (offset 167784448-234893311)
  167907359-167907360: internal log region (offset 167784448-234893311)
  167907871-167907872: internal log region (offset 167784448-234893311)
  167908383-167908384: internal log region (offset 167784448-234893311)
  167908895-167908896: internal log region (offset 167784448-234893311)
  167909407-167909408: internal log region (offset 167784448-234893311)
  167909919-167909920: internal log region (offset 167784448-234893311)
  167910431-167910432: internal log region (offset 167784448-234893311)
  167910943-167910944: internal log region (offset 167784448-234893311)
  167911455-167911456: internal log region (offset 167784448-234893311)
  167911967-167911968: internal log region (offset 167784448-234893311)
  167912479-167912480: internal log region (offset 167784448-234893311)
  167912991-167912992: internal log region (offset 167784448-234893311)
  167913503-167913504: internal log region (offset 167784448-234893311)
  167914015-167914016: internal log region (offset 167784448-234893311)
  167914527-167914528: internal log region (offset 167784448-234893311)
  167915039-167915040: internal log region (offset 167784448-234893311)
  167915551-167915552: internal log region (offset 167784448-234893311)
  167916063-167916064: internal log region (offset 167784448-234893311)
  167916575-167916576: internal log region (offset 167784448-234893311)
  167917087-167917088: internal log region (offset 167784448-234893311)
  167917599-167917600: internal log region (offset 167784448-234893311)
  167918111-167918112: internal log region (offset 167784448-234893311)
  167918623-167918624: internal log region (offset 167784448-234893311)
  167919135-167919136: internal log region (offset 167784448-234893311)
  167919647-167919648: internal log region (offset 167784448-234893311)
  167920159-167920160: internal log region (offset 167784448-234893311)
  167920671-167920672: internal log region (offset 167784448-234893311)
  167921183-167921184: internal log region (offset 167784448-234893311)
  167921695-167921696: internal log region (offset 167784448-234893311)
  167922207-167922208: internal log region (offset 167784448-234893311)
  167922719-167922720: internal log region (offset 167784448-234893311)
  167923231-167923232: internal log region (offset 167784448-234893311)
  167923743-167923744: internal log region (offset 167784448-234893311)
  167924255-167924256: internal log region (offset 167784448-234893311)
  167924767-167924768: internal log region (offset 167784448-234893311)
  167925279-167925280: internal log region (offset 167784448-234893311)
  167925791-167925792: internal log region (offset 167784448-234893311)
  167926303-167926304: internal log region (offset 167784448-234893311)
  167926815-167926816: internal log region (offset 167784448-234893311)
  167927327-167927328: internal log region (offset 167784448-234893311)
  167927839-167927840: internal log region (offset 167784448-234893311)
  167928351-167928352: internal log region (offset 167784448-234893311)
  167928863-167928864: internal log region (offset 167784448-234893311)
  167929375-167929376: internal log region (offset 167784448-234893311)
  167929887-167929888: internal log region (offset 167784448-234893311)
  167930399-167930400: internal log region (offset 167784448-234893311)
  167930911-167930912: internal log region (offset 167784448-234893311)
  167931423-167931424: internal log region (offset 167784448-234893311)
  167931935-167931936: internal log region (offset 167784448-234893311)
  167932447-167932448: internal log region (offset 167784448-234893311)
  167932959-167932960: internal log region (offset 167784448-234893311)
  167933471-167933472: internal log region (offset 167784448-234893311)
  167933983-167933984: internal log region (offset 167784448-234893311)
  167934495-167934496: internal log region (offset 167784448-234893311)
  167935007-167935008: internal log region (offset 167784448-234893311)
  167935519-167935520: internal log region (offset 167784448-234893311)
  167936031-167936032: internal log region (offset 167784448-234893311)
  167936543-167936544: internal log region (offset 167784448-234893311)
  167937055-167937056: internal log region (offset 167784448-234893311)
  167937567-167937568: internal log region (offset 167784448-234893311)
  167938079-167938080: internal log region (offset 167784448-234893311)
  167938591-167938592: internal log region (offset 167784448-234893311)
  167939103-167939104: internal log region (offset 167784448-234893311)
  167939615-167939616: internal log region (offset 167784448-234893311)
  167940127-167940128: internal log region (offset 167784448-234893311)
  167940639-167940640: internal log region (offset 167784448-234893311)
  167941151-167941152: internal log region (offset 167784448-234893311)
  167941663-167941664: internal log region (offset 167784448-234893311)
  167942175-167942176: internal log region (offset 167784448-234893311)
  167942687-167942688: internal log region (offset 167784448-234893311)
  167943199-167943200: internal log region (offset 167784448-234893311)
  167943711-167943712: internal log region (offset 167784448-234893311)
  167944223-167944224: internal log region (offset 167784448-234893311)
  167944735-167944736: internal log region (offset 167784448-234893311)
  167945247-167945248: internal log region (offset 167784448-234893311)
  167945759-167945760: internal log region (offset 167784448-234893311)
  167946271-167946272: internal log region (offset 167784448-234893311)
  167946783-167946784: internal log region (offset 167784448-234893311)
  167947295-167947296: internal log region (offset 167784448-234893311)
  167947807-167947808: internal log region (offset 167784448-234893311)
  167948319-167948320: internal log region (offset 167784448-234893311)
  167948831-167948832: internal log region (offset 167784448-234893311)
  167949343-167949344: internal log region (offset 167784448-234893311)
  167949855-167949856: internal log region (offset 167784448-234893311)
  167950367-167950368: internal log region (offset 167784448-234893311)
  167950879-167950880: internal log region (offset 167784448-234893311)
  167951391-167951392: internal log region (offset 167784448-234893311)
  167951903-167951904: internal log region (offset 167784448-234893311)
  167952415-167952416: internal log region (offset 167784448-234893311)
  167952927-167952928: internal log region (offset 167784448-234893311)
  167953439-167953440: internal log region (offset 167784448-234893311)
  167953951-167953952: internal log region (offset 167784448-234893311)
  167954463-167954464: internal log region (offset 167784448-234893311)
  167954975-167954976: internal log region (offset 167784448-234893311)
  167955487-167955488: internal log region (offset 167784448-234893311)
  167955999-167956000: internal log region (offset 167784448-234893311)
  167956511-167956512: internal log region (offset 167784448-234893311)
  167957023-167957024: internal log region (offset 167784448-234893311)
  167957535-167957536: internal log region (offset 167784448-234893311)
  167958047-167958048: internal log region (offset 167784448-234893311)
  167958559-167958560: internal log region (offset 167784448-234893311)
  167959071-167959072: internal log region (offset 167784448-234893311)
  167959583-167959584: internal log region (offset 167784448-234893311)
  167960095-167960096: internal log region (offset 167784448-234893311)
  167960607-167960608: internal log region (offset 167784448-234893311)
  167961119-167961120: internal log region (offset 167784448-234893311)
  167961631-167961632: internal log region (offset 167784448-234893311)
  167962143-167962144: internal log region (offset 167784448-234893311)
  167962655-167962656: internal log region (offset 167784448-234893311)
  167963167-167963168: internal log region (offset 167784448-234893311)
  167963679-167963680: internal log region (offset 167784448-234893311)
  167964191-167964192: internal log region (offset 167784448-234893311)
  167964703-167964704: internal log region (offset 167784448-234893311)
  167965215-167965216: internal log region (offset 167784448-234893311)
  167965727-167965728: internal log region (offset 167784448-234893311)
  167966239-167966240: internal log region (offset 167784448-234893311)
  167966751-167966752: internal log region (offset 167784448-234893311)
  167967263-167967264: internal log region (offset 167784448-234893311)
  167967775-167967776: internal log region (offset 167784448-234893311)
  167968287-167968288: internal log region (offset 167784448-234893311)
  167968799-167968800: internal log region (offset 167784448-234893311)
  167969311-167969312: internal log region (offset 167784448-234893311)
  167969823-167969824: internal log region (offset 167784448-234893311)
  167970335-167970336: internal log region (offset 167784448-234893311)
  167970847-167970848: internal log region (offset 167784448-234893311)
  167971359-167971360: internal log region (offset 167784448-234893311)
  167971871-167971872: internal log region (offset 167784448-234893311)
  167972383-167972384: internal log region (offset 167784448-234893311)
  167972895-167972896: internal log region (offset 167784448-234893311)
  167973407-167973408: internal log region (offset 167784448-234893311)
  167973919-167973920: internal log region (offset 167784448-234893311)
  167974431-167974432: internal log region (offset 167784448-234893311)
  167974943-167974944: internal log region (offset 167784448-234893311)
  167975455-167975456: internal log region (offset 167784448-234893311)
  167975967-167975968: internal log region (offset 167784448-234893311)
  167976479-167976480: internal log region (offset 167784448-234893311)
  167976991-167976992: internal log region (offset 167784448-234893311)
  167977503-167977504: internal log region (offset 167784448-234893311)
  167978015-167978016: internal log region (offset 167784448-234893311)
  167978527-167978528: internal log region (offset 167784448-234893311)
  167979039-167979040: internal log region (offset 167784448-234893311)
  167979551-167979552: internal log region (offset 167784448-234893311)
  167980063-167980064: internal log region (offset 167784448-234893311)
  167980575-167980576: internal log region (offset 167784448-234893311)
  167981087-167981088: internal log region (offset 167784448-234893311)
  167981599-167981600: internal log region (offset 167784448-234893311)
  167982111-167982112: internal log region (offset 167784448-234893311)
  167982623-167982624: internal log region (offset 167784448-234893311)
  167983135-167983136: internal log region (offset 167784448-234893311)
  167983647-167983648: internal log region (offset 167784448-234893311)
  167984159-167984160: internal log region (offset 167784448-234893311)
  167984671-167984672: internal log region (offset 167784448-234893311)
  167985183-167985184: internal log region (offset 167784448-234893311)
  167985695-167985696: internal log region (offset 167784448-234893311)
  167986207-167986208: internal log region (offset 167784448-234893311)
  167986719-167986720: internal log region (offset 167784448-234893311)
  167987231-167987232: internal log region (offset 167784448-234893311)
  167987743-167987744: internal log region (offset 167784448-234893311)
  167988255-167988256: internal log region (offset 167784448-234893311)
  167988767-167988768: internal log region (offset 167784448-234893311)
  167989279-167989280: internal log region (offset 167784448-234893311)
  167989791-167989792: internal log region (offset 167784448-234893311)
  167990303-167990304: internal log region (offset 167784448-234893311)
  167990815-167990816: internal log region (offset 167784448-234893311)
  167991327-167991328: internal log region (offset 167784448-234893311)
  167991839-167991840: internal log region (offset 167784448-234893311)
  167992351-167992352: internal log region (offset 167784448-234893311)
  167992863-167992864: internal log region (offset 167784448-234893311)
  167993375-167993376: internal log region (offset 167784448-234893311)
  167993887-167993888: internal log region (offset 167784448-234893311)
  167994399-167994400: internal log region (offset 167784448-234893311)
  167994911-167994912: internal log region (offset 167784448-234893311)
  167995423-167995424: internal log region (offset 167784448-234893311)
  167995935-167995936: internal log region (offset 167784448-234893311)
  167996447-167996448: internal log region (offset 167784448-234893311)
  167996959-167996960: internal log region (offset 167784448-234893311)
  167997471-167997472: internal log region (offset 167784448-234893311)
  167997983-167997984: internal log region (offset 167784448-234893311)
  167998495-167998496: internal log region (offset 167784448-234893311)
  167999007-167999008: internal log region (offset 167784448-234893311)
  167999519-167999520: internal log region (offset 167784448-234893311)
  168000031-168000032: internal log region (offset 167784448-234893311)
  168000543-168000544: internal log region (offset 167784448-234893311)
  168001055-168001056: internal log region (offset 167784448-234893311)
  168001567-168001568: internal log region (offset 167784448-234893311)
  168002079-168002080: internal log region (offset 167784448-234893311)
  168002591-168002592: internal log region (offset 167784448-234893311)
  168003103-168003104: internal log region (offset 167784448-234893311)
  168003615-168003616: internal log region (offset 167784448-234893311)
  168004127-168004128: internal log region (offset 167784448-234893311)
  168004639-168004640: internal log region (offset 167784448-234893311)
  168005151-168005152: internal log region (offset 167784448-234893311)
  168005663-168005664: internal log region (offset 167784448-234893311)
  168006175-168006176: internal log region (offset 167784448-234893311)
  168006687-168006688: internal log region (offset 167784448-234893311)
  168007199-168007200: internal log region (offset 167784448-234893311)
  168007711-168007712: internal log region (offset 167784448-234893311)
  168008223-168008224: internal log region (offset 167784448-234893311)
  168008735-168008736: internal log region (offset 167784448-234893311)
  168009247-168009248: internal log region (offset 167784448-234893311)
  168009759-168009760: internal log region (offset 167784448-234893311)
  168010271-168010272: internal log region (offset 167784448-234893311)
  168010783-168010784: internal log region (offset 167784448-234893311)
  168011295-168011296: internal log region (offset 167784448-234893311)
  168011807-168011808: internal log region (offset 167784448-234893311)
  168012319-168012320: internal log region (offset 167784448-234893311)
  168012831-168012832: internal log region (offset 167784448-234893311)
  168013343-168013344: internal log region (offset 167784448-234893311)
  168013855-168013856: internal log region (offset 167784448-234893311)
  168014367-168014368: internal log region (offset 167784448-234893311)
  168014879-168014880: internal log region (offset 167784448-234893311)
  168015391-168015392: internal log region (offset 167784448-234893311)
  168015903-168015904: internal log region (offset 167784448-234893311)
  168016415-168016416: internal log region (offset 167784448-234893311)
  168016927-168016928: internal log region (offset 167784448-234893311)
  168017439-168017440: internal log region (offset 167784448-234893311)
  168017951-168017952: internal log region (offset 167784448-234893311)
  168018463-168018464: internal log region (offset 167784448-234893311)
  168018975-168018976: internal log region (offset 167784448-234893311)
  168019487-168019488: internal log region (offset 167784448-234893311)
  168019999-168020000: internal log region (offset 167784448-234893311)
  168020511-168020512: internal log region (offset 167784448-234893311)
  168021023-168021024: internal log region (offset 167784448-234893311)
  168021535-168021536: internal log region (offset 167784448-234893311)
  168022047-168022048: internal log region (offset 167784448-234893311)
  168022559-168022560: internal log region (offset 167784448-234893311)
  168023071-168023072: internal log region (offset 167784448-234893311)
  168023583-168023584: internal log region (offset 167784448-234893311)
  168024095-168024096: internal log region (offset 167784448-234893311)
  168024607-168024608: internal log region (offset 167784448-234893311)
  168025119-168025120: internal log region (offset 167784448-234893311)
  168025631-168025632: internal log region (offset 167784448-234893311)
  168026143-168026144: internal log region (offset 167784448-234893311)
  168026655-168026656: internal log region (offset 167784448-234893311)
  168027167-168027168: internal log region (offset 167784448-234893311)
  168027679-168027680: internal log region (offset 167784448-234893311)
  168028191-168028192: internal log region (offset 167784448-234893311)
  168028703-168028704: internal log region (offset 167784448-234893311)
  168029215-168029216: internal log region (offset 167784448-234893311)
  168029727-168029728: internal log region (offset 167784448-234893311)
  168030239-168030240: internal log region (offset 167784448-234893311)
  168030751-168030752: internal log region (offset 167784448-234893311)
  168031263-168031264: internal log region (offset 167784448-234893311)
  168031775-168031776: internal log region (offset 167784448-234893311)
  168032287-168032288: internal log region (offset 167784448-234893311)
  168032799-168032800: internal log region (offset 167784448-234893311)
  168033311-168033312: internal log region (offset 167784448-234893311)
  168033823-168033824: internal log region (offset 167784448-234893311)
  168034335-168034336: internal log region (offset 167784448-234893311)
  168034847-168034848: internal log region (offset 167784448-234893311)
  168035359-168035360: internal log region (offset 167784448-234893311)
  168035871-168035872: internal log region (offset 167784448-234893311)
  168036383-168036384: internal log region (offset 167784448-234893311)
  168036895-168036896: internal log region (offset 167784448-234893311)
  168037407-168037408: internal log region (offset 167784448-234893311)
  168037919-168037920: internal log region (offset 167784448-234893311)
  168038431-168038432: internal log region (offset 167784448-234893311)
  168038943-168038944: internal log region (offset 167784448-234893311)
  168039455-168039456: internal log region (offset 167784448-234893311)
  168039967-168039968: internal log region (offset 167784448-234893311)
  168040479-168040480: internal log region (offset 167784448-234893311)
  168040991-168040992: internal log region (offset 167784448-234893311)
  168041503-168041504: internal log region (offset 167784448-234893311)
  168042015-168042016: internal log region (offset 167784448-234893311)
  168042527-168042528: internal log region (offset 167784448-234893311)
  168043039-168043040: internal log region (offset 167784448-234893311)
  168043551-168043552: internal log region (offset 167784448-234893311)
  168044063-168044064: internal log region (offset 167784448-234893311)
  168044575-168044576: internal log region (offset 167784448-234893311)
  168045087-168045088: internal log region (offset 167784448-234893311)
  168045599-168045600: internal log region (offset 167784448-234893311)
  168046111-168046112: internal log region (offset 167784448-234893311)
  168046623-168046624: internal log region (offset 167784448-234893311)
  168047135-168047136: internal log region (offset 167784448-234893311)
  168047647-168047648: internal log region (offset 167784448-234893311)
  168048159-168048160: internal log region (offset 167784448-234893311)
  168048671-168048672: internal log region (offset 167784448-234893311)
  168049183-168049184: internal log region (offset 167784448-234893311)
  168049695-168049696: internal log region (offset 167784448-234893311)
  168050207-168050208: internal log region (offset 167784448-234893311)
  168050719-168050720: internal log region (offset 167784448-234893311)
  168051231-168051232: internal log region (offset 167784448-234893311)
  168051743-168051744: internal log region (offset 167784448-234893311)
  168052255-168052256: internal log region (offset 167784448-234893311)
  168052767-168052768: internal log region (offset 167784448-234893311)
  168053279-168053280: internal log region (offset 167784448-234893311)
  168053791-168053792: internal log region (offset 167784448-234893311)
  168054303-168054304: internal log region (offset 167784448-234893311)
  168054815-168054816: internal log region (offset 167784448-234893311)
  168055327-168055328: internal log region (offset 167784448-234893311)
  168055839-168055840: internal log region (offset 167784448-234893311)
  168056351-168056352: internal log region (offset 167784448-234893311)
  168056863-168056864: internal log region (offset 167784448-234893311)
  168057375-168057376: internal log region (offset 167784448-234893311)
  168057887-168057888: internal log region (offset 167784448-234893311)
  168058399-168058400: internal log region (offset 167784448-234893311)
  168058911-168058912: internal log region (offset 167784448-234893311)
  168059423-168059424: internal log region (offset 167784448-234893311)
  168059935-168059936: internal log region (offset 167784448-234893311)
  168060447-168060448: internal log region (offset 167784448-234893311)
  168060959-168060960: internal log region (offset 167784448-234893311)
  168061471-168061472: internal log region (offset 167784448-234893311)
  168061983-168061984: internal log region (offset 167784448-234893311)
  168062495-168062496: internal log region (offset 167784448-234893311)
  168063007-168063008: internal log region (offset 167784448-234893311)
  168063519-168063520: internal log region (offset 167784448-234893311)
  168064031-168064032: internal log region (offset 167784448-234893311)
  168064543-168064544: internal log region (offset 167784448-234893311)
  168065055-168065056: internal log region (offset 167784448-234893311)
  168065567-168065568: internal log region (offset 167784448-234893311)
  168066079-168066080: internal log region (offset 167784448-234893311)
  168066591-168066592: internal log region (offset 167784448-234893311)
  168067103-168067104: internal log region (offset 167784448-234893311)
  168067615-168067616: internal log region (offset 167784448-234893311)
  168068127-168068128: internal log region (offset 167784448-234893311)
  168068639-168068640: internal log region (offset 167784448-234893311)
  168069151-168069152: internal log region (offset 167784448-234893311)
  168069663-168069664: internal log region (offset 167784448-234893311)
  168070175-168070176: internal log region (offset 167784448-234893311)
  168070687-168070688: internal log region (offset 167784448-234893311)
  168071199-168071200: internal log region (offset 167784448-234893311)
  168071711-168071712: internal log region (offset 167784448-234893311)
  168072223-168072224: internal log region (offset 167784448-234893311)
  168072735-168072736: internal log region (offset 167784448-234893311)
  168073247-168073248: internal log region (offset 167784448-234893311)
  168073759-168073760: internal log region (offset 167784448-234893311)
  168074271-168074272: internal log region (offset 167784448-234893311)
  168074783-168074784: internal log region (offset 167784448-234893311)
  168075295-168075296: internal log region (offset 167784448-234893311)
  168075807-168075808: internal log region (offset 167784448-234893311)
  168076319-168076320: internal log region (offset 167784448-234893311)
  168076831-168076832: internal log region (offset 167784448-234893311)
  168077343-168077344: internal log region (offset 167784448-234893311)
  168077855-168077856: internal log region (offset 167784448-234893311)
  168078367-168078368: internal log region (offset 167784448-234893311)
  168078879-168078880: internal log region (offset 167784448-234893311)
  168079391-168079392: internal log region (offset 167784448-234893311)
  168079903-168079904: internal log region (offset 167784448-234893311)
  168080415-168080416: internal log region (offset 167784448-234893311)
  168080927-168080928: internal log region (offset 167784448-234893311)
  168081439-168081440: internal log region (offset 167784448-234893311)
  168081951-168081952: internal log region (offset 167784448-234893311)
  168082463-168082464: internal log region (offset 167784448-234893311)
  168082975-168082976: internal log region (offset 167784448-234893311)
  168083487-168083488: internal log region (offset 167784448-234893311)
  168083999-168084000: internal log region (offset 167784448-234893311)
  168084511-168084512: internal log region (offset 167784448-234893311)
  168085023-168085024: internal log region (offset 167784448-234893311)
  168085535-168085536: internal log region (offset 167784448-234893311)
  168086047-168086048: internal log region (offset 167784448-234893311)
  168086559-168086560: internal log region (offset 167784448-234893311)
  168087071-168087072: internal log region (offset 167784448-234893311)
  168087583-168087584: internal log region (offset 167784448-234893311)
  168088095-168088096: internal log region (offset 167784448-234893311)
  168088607-168088608: internal log region (offset 167784448-234893311)
  168089119-168089120: internal log region (offset 167784448-234893311)
  168089631-168089632: internal log region (offset 167784448-234893311)
  168090143-168090144: internal log region (offset 167784448-234893311)
  168090655-168090656: internal log region (offset 167784448-234893311)
  168091167-168091168: internal log region (offset 167784448-234893311)
  168091679-168091680: internal log region (offset 167784448-234893311)
  168092191-168092192: internal log region (offset 167784448-234893311)
  168092703-168092704: internal log region (offset 167784448-234893311)
  168093215-168093216: internal log region (offset 167784448-234893311)
  168093727-168093728: internal log region (offset 167784448-234893311)
  168094239-168094240: internal log region (offset 167784448-234893311)
  168094751-168094752: internal log region (offset 167784448-234893311)
  168095263-168095264: internal log region (offset 167784448-234893311)
  168095775-168095776: internal log region (offset 167784448-234893311)
  168096287-168096288: internal log region (offset 167784448-234893311)
  168096799-168096800: internal log region (offset 167784448-234893311)
  168097311-168097312: internal log region (offset 167784448-234893311)
  168097823-168097824: internal log region (offset 167784448-234893311)
  168098335-168098336: internal log region (offset 167784448-234893311)
  168098847-168098848: internal log region (offset 167784448-234893311)
  168099359-168099360: internal log region (offset 167784448-234893311)
  168099871-168099872: internal log region (offset 167784448-234893311)
  168100383-168100384: internal log region (offset 167784448-234893311)
  168100895-168100896: internal log region (offset 167784448-234893311)
  168101407-168101408: internal log region (offset 167784448-234893311)
  168101919-168101920: internal log region (offset 167784448-234893311)
  168102431-168102432: internal log region (offset 167784448-234893311)
  168102943-168102944: internal log region (offset 167784448-234893311)
  168103455-168103456: internal log region (offset 167784448-234893311)
  168103967-168103968: internal log region (offset 167784448-234893311)
  168104479-168104480: internal log region (offset 167784448-234893311)
  168104991-168104992: internal log region (offset 167784448-234893311)
  168105503-168105504: internal log region (offset 167784448-234893311)
  168106015-168106016: internal log region (offset 167784448-234893311)
  168106527-168106528: internal log region (offset 167784448-234893311)
  168107039-168107040: internal log region (offset 167784448-234893311)
  168107551-168107552: internal log region (offset 167784448-234893311)
  168108063-168108064: internal log region (offset 167784448-234893311)
  168108575-168108576: internal log region (offset 167784448-234893311)
  168109087-168109088: internal log region (offset 167784448-234893311)
  168109599-168109600: internal log region (offset 167784448-234893311)
  168110111-168110112: internal log region (offset 167784448-234893311)
  168110623-168110624: internal log region (offset 167784448-234893311)
  168111135-168111136: internal log region (offset 167784448-234893311)
  168111647-168111648: internal log region (offset 167784448-234893311)
  168112159-168112160: internal log region (offset 167784448-234893311)
  168112671-168112672: internal log region (offset 167784448-234893311)
  168113183-168113184: internal log region (offset 167784448-234893311)
  168113695-168113696: internal log region (offset 167784448-234893311)
  168114207-168114208: internal log region (offset 167784448-234893311)
  168114719-168114720: internal log region (offset 167784448-234893311)
  168115231-168115232: internal log region (offset 167784448-234893311)
  168115743-168115744: internal log region (offset 167784448-234893311)
  168116255-168116256: internal log region (offset 167784448-234893311)
  168116767-168116768: internal log region (offset 167784448-234893311)
  168117279-168117280: internal log region (offset 167784448-234893311)
  168117791-168117792: internal log region (offset 167784448-234893311)
  168118303-168118304: internal log region (offset 167784448-234893311)
  168118815-168118816: internal log region (offset 167784448-234893311)
  168119327-168119328: internal log region (offset 167784448-234893311)
  168119839-168119840: internal log region (offset 167784448-234893311)
  168120351-168120352: internal log region (offset 167784448-234893311)
  168120863-168120864: internal log region (offset 167784448-234893311)
  168121375-168121376: internal log region (offset 167784448-234893311)
  168121887-168121888: internal log region (offset 167784448-234893311)
  168122399-168122400: internal log region (offset 167784448-234893311)
  168122911-168122912: internal log region (offset 167784448-234893311)
  168123423-168123424: internal log region (offset 167784448-234893311)
  168123935-168123936: internal log region (offset 167784448-234893311)
  168124447-168124448: internal log region (offset 167784448-234893311)
  168124959-168124960: internal log region (offset 167784448-234893311)
  168125471-168125472: internal log region (offset 167784448-234893311)
  168125983-168125984: internal log region (offset 167784448-234893311)
  168126495-168126496: internal log region (offset 167784448-234893311)
  168127007-168127008: internal log region (offset 167784448-234893311)
  168127519-168127520: internal log region (offset 167784448-234893311)
  168128031-168128032: internal log region (offset 167784448-234893311)
  168128543-168128544: internal log region (offset 167784448-234893311)
  168129055-168129056: internal log region (offset 167784448-234893311)
  168129567-168129568: internal log region (offset 167784448-234893311)
  168130079-168130080: internal log region (offset 167784448-234893311)
  168130591-168130592: internal log region (offset 167784448-234893311)
  168131103-168131104: internal log region (offset 167784448-234893311)
  168131615-168131616: internal log region (offset 167784448-234893311)
  168132127-168132128: internal log region (offset 167784448-234893311)
  168132639-168132640: internal log region (offset 167784448-234893311)
  168133151-168133152: internal log region (offset 167784448-234893311)
  168133663-168133664: internal log region (offset 167784448-234893311)
  168134175-168134176: internal log region (offset 167784448-234893311)
  168134687-168134688: internal log region (offset 167784448-234893311)
  168135199-168135200: internal log region (offset 167784448-234893311)
  168135711-168135712: internal log region (offset 167784448-234893311)
  168136223-168136224: internal log region (offset 167784448-234893311)
  168136735-168136736: internal log region (offset 167784448-234893311)
  168137247-168137248: internal log region (offset 167784448-234893311)
  168137759-168137760: internal log region (offset 167784448-234893311)
  168138271-168138272: internal log region (offset 167784448-234893311)
  168138783-168138784: internal log region (offset 167784448-234893311)
  168139295-168139296: internal log region (offset 167784448-234893311)
  168139807-168139808: internal log region (offset 167784448-234893311)
  168140319-168140320: internal log region (offset 167784448-234893311)
  168140831-168140832: internal log region (offset 167784448-234893311)
  168141343-168141344: internal log region (offset 167784448-234893311)
  168141855-168141856: internal log region (offset 167784448-234893311)
  168142367-168142368: internal log region (offset 167784448-234893311)
  168142879-168142880: internal log region (offset 167784448-234893311)
  168143391-168143392: internal log region (offset 167784448-234893311)
  168143903-168143904: internal log region (offset 167784448-234893311)
  168144415-168144416: internal log region (offset 167784448-234893311)
  168144927-168144928: internal log region (offset 167784448-234893311)
  168145439-168145440: internal log region (offset 167784448-234893311)
  168145951-168145952: internal log region (offset 167784448-234893311)
  168146463-168146464: internal log region (offset 167784448-234893311)
  168146975-168146976: internal log region (offset 167784448-234893311)
  168147487-168147488: internal log region (offset 167784448-234893311)
  168147999-168148000: internal log region (offset 167784448-234893311)
  168148511-168148512: internal log region (offset 167784448-234893311)
  168149023-168149024: internal log region (offset 167784448-234893311)
  168149535-168149536: internal log region (offset 167784448-234893311)
  168150047-168150048: internal log region (offset 167784448-234893311)
  168150559-168150560: internal log region (offset 167784448-234893311)
  168151071-168151072: internal log region (offset 167784448-234893311)
  168151583-168151584: internal log region (offset 167784448-234893311)
  168152095-168152096: internal log region (offset 167784448-234893311)
  168152607-168152608: internal log region (offset 167784448-234893311)
  168153119-168153120: internal log region (offset 167784448-234893311)
  168153631-168153632: internal log region (offset 167784448-234893311)
  168154143-168154144: internal log region (offset 167784448-234893311)
  168154655-168154656: internal log region (offset 167784448-234893311)
  168155167-168155168: internal log region (offset 167784448-234893311)
  168155679-168155680: internal log region (offset 167784448-234893311)
  168156191-168156192: internal log region (offset 167784448-234893311)
  168156703-168156704: internal log region (offset 167784448-234893311)
  168157215-168157216: internal log region (offset 167784448-234893311)
  168157727-168157728: internal log region (offset 167784448-234893311)
  168158239-168158240: internal log region (offset 167784448-234893311)
  168158751-168158752: internal log region (offset 167784448-234893311)
  168159263-168159264: internal log region (offset 167784448-234893311)
  168159775-168159776: internal log region (offset 167784448-234893311)
  168160287-168160288: internal log region (offset 167784448-234893311)
  168160799-168160800: internal log region (offset 167784448-234893311)
  168161311-168161312: internal log region (offset 167784448-234893311)
  168161823-168161824: internal log region (offset 167784448-234893311)
  168162335-168162336: internal log region (offset 167784448-234893311)
  168162847-168162848: internal log region (offset 167784448-234893311)
  168163359-168163360: internal log region (offset 167784448-234893311)
  168163871-168163872: internal log region (offset 167784448-234893311)
  168164383-168164384: internal log region (offset 167784448-234893311)
  168164895-168164896: internal log region (offset 167784448-234893311)
  168165407-168165408: internal log region (offset 167784448-234893311)
  168165919-168165920: internal log region (offset 167784448-234893311)
  168166431-168166432: internal log region (offset 167784448-234893311)
  168166943-168166944: internal log region (offset 167784448-234893311)
  168167455-168167456: internal log region (offset 167784448-234893311)
  168167967-168167968: internal log region (offset 167784448-234893311)
  168168479-168168480: internal log region (offset 167784448-234893311)
  168168991-168168992: internal log region (offset 167784448-234893311)
  168169503-168169504: internal log region (offset 167784448-234893311)
  168170015-168170016: internal log region (offset 167784448-234893311)
  168170527-168170528: internal log region (offset 167784448-234893311)
  168171039-168171040: internal log region (offset 167784448-234893311)
  168171551-168171552: internal log region (offset 167784448-234893311)
  168172063-168172064: internal log region (offset 167784448-234893311)
  168172575-168172576: internal log region (offset 167784448-234893311)
  168173087-168173088: internal log region (offset 167784448-234893311)
  168173599-168173600: internal log region (offset 167784448-234893311)
  168174111-168174112: internal log region (offset 167784448-234893311)
  168174623-168174624: internal log region (offset 167784448-234893311)
  168175135-168175136: internal log region (offset 167784448-234893311)
  168175647-168175648: internal log region (offset 167784448-234893311)
  168176159-168176160: internal log region (offset 167784448-234893311)
  168176671-168176672: internal log region (offset 167784448-234893311)
  168177183-168177184: internal log region (offset 167784448-234893311)
  168177695-168177696: internal log region (offset 167784448-234893311)
  168178207-168178208: internal log region (offset 167784448-234893311)
  168178719-168178720: internal log region (offset 167784448-234893311)
  168179231-168179232: internal log region (offset 167784448-234893311)
  168179743-168179744: internal log region (offset 167784448-234893311)
  168180255-168180256: internal log region (offset 167784448-234893311)
  168180767-168180768: internal log region (offset 167784448-234893311)
  168181279-168181280: internal log region (offset 167784448-234893311)
  168181791-168181792: internal log region (offset 167784448-234893311)
  168182303-168182304: internal log region (offset 167784448-234893311)
  168182815-168182816: internal log region (offset 167784448-234893311)
  168183327-168183328: internal log region (offset 167784448-234893311)
  168183839-168183840: internal log region (offset 167784448-234893311)
  168184351-168184352: internal log region (offset 167784448-234893311)
  168184863-168184864: internal log region (offset 167784448-234893311)
  168185375-168185376: internal log region (offset 167784448-234893311)
  168185887-168185888: internal log region (offset 167784448-234893311)
  168186399-168186400: internal log region (offset 167784448-234893311)
  168186911-168186912: internal log region (offset 167784448-234893311)
  168187423-168187424: internal log region (offset 167784448-234893311)
  168187935-168187936: internal log region (offset 167784448-234893311)
  168188447-168188448: internal log region (offset 167784448-234893311)
  168188959-168188960: internal log region (offset 167784448-234893311)
  168189471-168189472: internal log region (offset 167784448-234893311)
  168189983-168189984: internal log region (offset 167784448-234893311)
  168190495-168190496: internal log region (offset 167784448-234893311)
  168191007-168191008: internal log region (offset 167784448-234893311)
  168191519-168191520: internal log region (offset 167784448-234893311)
  168192031-168192032: internal log region (offset 167784448-234893311)
  168192543-168192544: internal log region (offset 167784448-234893311)
  168193055-168193056: internal log region (offset 167784448-234893311)
  168193567-168193568: internal log region (offset 167784448-234893311)
  168194079-168194080: internal log region (offset 167784448-234893311)
  168194591-168194592: internal log region (offset 167784448-234893311)
  168195103-168195104: internal log region (offset 167784448-234893311)
  168195615-168195616: internal log region (offset 167784448-234893311)
  168196127-168196128: internal log region (offset 167784448-234893311)
  168196639-168196640: internal log region (offset 167784448-234893311)
  168197151-168197152: internal log region (offset 167784448-234893311)
  168197663-168197664: internal log region (offset 167784448-234893311)
  168198175-168198176: internal log region (offset 167784448-234893311)
  168198687-168198688: internal log region (offset 167784448-234893311)
  168199199-168199200: internal log region (offset 167784448-234893311)
  168199711-168199712: internal log region (offset 167784448-234893311)
  168200223-168200224: internal log region (offset 167784448-234893311)
  168200735-168200736: internal log region (offset 167784448-234893311)
  168201247-168201248: internal log region (offset 167784448-234893311)
  168201759-168201760: internal log region (offset 167784448-234893311)
  168202271-168202272: internal log region (offset 167784448-234893311)
  168202783-168202784: internal log region (offset 167784448-234893311)
  168203295-168203296: internal log region (offset 167784448-234893311)
  168203807-168203808: internal log region (offset 167784448-234893311)
  168204319-168204320: internal log region (offset 167784448-234893311)
  168204831-168204832: internal log region (offset 167784448-234893311)
  168205343-168205344: internal log region (offset 167784448-234893311)
  168205855-168205856: internal log region (offset 167784448-234893311)
  168206367-168206368: internal log region (offset 167784448-234893311)
  168206879-168206880: internal log region (offset 167784448-234893311)
  168207391-168207392: internal log region (offset 167784448-234893311)
  168207903-168207904: internal log region (offset 167784448-234893311)
  168208415-168208416: internal log region (offset 167784448-234893311)
  168208927-168208928: internal log region (offset 167784448-234893311)
  168209439-168209440: internal log region (offset 167784448-234893311)
  168209951-168209952: internal log region (offset 167784448-234893311)
  168210463-168210464: internal log region (offset 167784448-234893311)
  168210975-168210976: internal log region (offset 167784448-234893311)
  168211487-168211488: internal log region (offset 167784448-234893311)
  168211999-168212000: internal log region (offset 167784448-234893311)
  168212511-168212512: internal log region (offset 167784448-234893311)
  168213023-168213024: internal log region (offset 167784448-234893311)
  168213535-168213536: internal log region (offset 167784448-234893311)
  168214047-168214048: internal log region (offset 167784448-234893311)
  168214559-168214560: internal log region (offset 167784448-234893311)
  168215071-168215072: internal log region (offset 167784448-234893311)
  168215583-168215584: internal log region (offset 167784448-234893311)
  168216095-168216096: internal log region (offset 167784448-234893311)
  168216607-168216608: internal log region (offset 167784448-234893311)
  168217119-168217120: internal log region (offset 167784448-234893311)
  168217631-168217632: internal log region (offset 167784448-234893311)
  168218143-168218144: internal log region (offset 167784448-234893311)
  168218655-168218656: internal log region (offset 167784448-234893311)
  168219167-168219168: internal log region (offset 167784448-234893311)
  168219679-168219680: internal log region (offset 167784448-234893311)
  168220191-168220192: internal log region (offset 167784448-234893311)
  168220703-168220704: internal log region (offset 167784448-234893311)
  168221215-168221216: internal log region (offset 167784448-234893311)
  168221727-168221728: internal log region (offset 167784448-234893311)
  168222239-168222240: internal log region (offset 167784448-234893311)
  168222751-168222752: internal log region (offset 167784448-234893311)
  168223263-168223264: internal log region (offset 167784448-234893311)
  168223775-168223776: internal log region (offset 167784448-234893311)
  168224287-168224288: internal log region (offset 167784448-234893311)
  168224799-168224800: internal log region (offset 167784448-234893311)
  168225311-168225312: internal log region (offset 167784448-234893311)
  168225823-168225824: internal log region (offset 167784448-234893311)
  168226335-168226336: internal log region (offset 167784448-234893311)
  168226847-168226848: internal log region (offset 167784448-234893311)
  168227359-168227360: internal log region (offset 167784448-234893311)
  168227871-168227872: internal log region (offset 167784448-234893311)
  168228383-168228384: internal log region (offset 167784448-234893311)
  168228895-168228896: internal log region (offset 167784448-234893311)
  168229407-168229408: internal log region (offset 167784448-234893311)
  168229919-168229920: internal log region (offset 167784448-234893311)
  168230431-168230432: internal log region (offset 167784448-234893311)
  168230943-168230944: internal log region (offset 167784448-234893311)
  168231455-168231456: internal log region (offset 167784448-234893311)
  168231967-168231968: internal log region (offset 167784448-234893311)
  168232479-168232480: internal log region (offset 167784448-234893311)
  168232991-168232992: internal log region (offset 167784448-234893311)
  168233503-168233504: internal log region (offset 167784448-234893311)
  168234015-168234016: internal log region (offset 167784448-234893311)
  168234527-168234528: internal log region (offset 167784448-234893311)
  168235039-168235040: internal log region (offset 167784448-234893311)
  168235551-168235552: internal log region (offset 167784448-234893311)
  168236063-168236064: internal log region (offset 167784448-234893311)
  168236575-168236576: internal log region (offset 167784448-234893311)
  168237087-168237088: internal log region (offset 167784448-234893311)
  168237599-168237600: internal log region (offset 167784448-234893311)
  168238111-168238112: internal log region (offset 167784448-234893311)
  168238623-168238624: internal log region (offset 167784448-234893311)
  168239135-168239136: internal log region (offset 167784448-234893311)
  168239647-168239648: internal log region (offset 167784448-234893311)
  168240159-168240160: internal log region (offset 167784448-234893311)
  168240671-168240672: internal log region (offset 167784448-234893311)
  168241183-168241184: internal log region (offset 167784448-234893311)
  168241695-168241696: internal log region (offset 167784448-234893311)
  168242207-168242208: internal log region (offset 167784448-234893311)
  168242719-168242720: internal log region (offset 167784448-234893311)
  168243231-168243232: internal log region (offset 167784448-234893311)
  168243743-168243744: internal log region (offset 167784448-234893311)
  168244255-168244256: internal log region (offset 167784448-234893311)
  168244767-168244768: internal log region (offset 167784448-234893311)
  168245279-168245280: internal log region (offset 167784448-234893311)
  168245791-168245792: internal log region (offset 167784448-234893311)
  168246303-168246304: internal log region (offset 167784448-234893311)
  168246815-168246816: internal log region (offset 167784448-234893311)
  168247327-168247328: internal log region (offset 167784448-234893311)
  168247839-168247840: internal log region (offset 167784448-234893311)
  168248351-168248352: internal log region (offset 167784448-234893311)
  168248863-168248864: internal log region (offset 167784448-234893311)
  168249375-168249376: internal log region (offset 167784448-234893311)
  168249887-168249888: internal log region (offset 167784448-234893311)
  168250399-168250400: internal log region (offset 167784448-234893311)
  168250911-168250912: internal log region (offset 167784448-234893311)
  168251423-168251424: internal log region (offset 167784448-234893311)
  168251935-168251936: internal log region (offset 167784448-234893311)
  168252447-168252448: internal log region (offset 167784448-234893311)
  168252959-168252960: internal log region (offset 167784448-234893311)
  168253471-168253472: internal log region (offset 167784448-234893311)
  168253983-168253984: internal log region (offset 167784448-234893311)
  168254495-168254496: internal log region (offset 167784448-234893311)
  168255007-168255008: internal log region (offset 167784448-234893311)
  168255519-168255520: internal log region (offset 167784448-234893311)
  168256031-168256032: internal log region (offset 167784448-234893311)
  168256543-168256544: internal log region (offset 167784448-234893311)
  168257055-168257056: internal log region (offset 167784448-234893311)
  168257567-168257568: internal log region (offset 167784448-234893311)
  168258079-168258080: internal log region (offset 167784448-234893311)
  168258591-168258592: internal log region (offset 167784448-234893311)
  168259103-168259104: internal log region (offset 167784448-234893311)
  168259615-168259616: internal log region (offset 167784448-234893311)
  168260127-168260128: internal log region (offset 167784448-234893311)
  168260639-168260640: internal log region (offset 167784448-234893311)
  168261151-168261152: internal log region (offset 167784448-234893311)
  168261663-168261664: internal log region (offset 167784448-234893311)
  168262175-168262176: internal log region (offset 167784448-234893311)
  168262687-168262688: internal log region (offset 167784448-234893311)
  168263199-168263200: internal log region (offset 167784448-234893311)
  168263711-168263712: internal log region (offset 167784448-234893311)
  168264223-168264224: internal log region (offset 167784448-234893311)
  168264735-168264736: internal log region (offset 167784448-234893311)
  168265247-168265248: internal log region (offset 167784448-234893311)
  168265759-168265760: internal log region (offset 167784448-234893311)
  168266271-168266272: internal log region (offset 167784448-234893311)
  168266783-168266784: internal log region (offset 167784448-234893311)
  168267295-168267296: internal log region (offset 167784448-234893311)
  168267807-168267808: internal log region (offset 167784448-234893311)
  168268319-168268320: internal log region (offset 167784448-234893311)
  168268831-168268832: internal log region (offset 167784448-234893311)
  168269343-168269344: internal log region (offset 167784448-234893311)
  168269855-168269856: internal log region (offset 167784448-234893311)
  168270367-168270368: internal log region (offset 167784448-234893311)
  168270879-168270880: internal log region (offset 167784448-234893311)
  168271391-168271392: internal log region (offset 167784448-234893311)
  168271903-168271904: internal log region (offset 167784448-234893311)
  168272415-168272416: internal log region (offset 167784448-234893311)
  168272927-168272928: internal log region (offset 167784448-234893311)
  168273439-168273440: internal log region (offset 167784448-234893311)
  168273951-168273952: internal log region (offset 167784448-234893311)
  168274463-168274464: internal log region (offset 167784448-234893311)
  168274975-168274976: internal log region (offset 167784448-234893311)
  168275487-168275488: internal log region (offset 167784448-234893311)
  168275999-168276000: internal log region (offset 167784448-234893311)
  168276511-168276512: internal log region (offset 167784448-234893311)
  168277023-168277024: internal log region (offset 167784448-234893311)
  168277535-168277536: internal log region (offset 167784448-234893311)
  168278047-168278048: internal log region (offset 167784448-234893311)
  168278559-168278560: internal log region (offset 167784448-234893311)
  168279071-168279072: internal log region (offset 167784448-234893311)
  168279583-168279584: internal log region (offset 167784448-234893311)
  168280095-168280096: internal log region (offset 167784448-234893311)
  168280607-168280608: internal log region (offset 167784448-234893311)
  168281119-168281120: internal log region (offset 167784448-234893311)
  168281631-168281632: internal log region (offset 167784448-234893311)
  168282143-168282144: internal log region (offset 167784448-234893311)
  168282655-168282656: internal log region (offset 167784448-234893311)
  168283167-168283168: internal log region (offset 167784448-234893311)
  168283679-168283680: internal log region (offset 167784448-234893311)
  168284191-168284192: internal log region (offset 167784448-234893311)
  168284703-168284704: internal log region (offset 167784448-234893311)
  168285215-168285216: internal log region (offset 167784448-234893311)
  168285727-168285728: internal log region (offset 167784448-234893311)
  168286239-168286240: internal log region (offset 167784448-234893311)
  168286751-168286752: internal log region (offset 167784448-234893311)
  168287263-168287264: internal log region (offset 167784448-234893311)
  168287775-168287776: internal log region (offset 167784448-234893311)
  168288287-168288288: internal log region (offset 167784448-234893311)
  168288799-168288800: internal log region (offset 167784448-234893311)
  168289311-168289312: internal log region (offset 167784448-234893311)
  168289823-168289824: internal log region (offset 167784448-234893311)
  168290335-168290336: internal log region (offset 167784448-234893311)
  168290847-168290848: internal log region (offset 167784448-234893311)
  168291359-168291360: internal log region (offset 167784448-234893311)
  168291871-168291872: internal log region (offset 167784448-234893311)
  168292383-168292384: internal log region (offset 167784448-234893311)
  168292895-168292896: internal log region (offset 167784448-234893311)
  168293407-168293408: internal log region (offset 167784448-234893311)
  168293919-168293920: internal log region (offset 167784448-234893311)
  168294431-168294432: internal log region (offset 167784448-234893311)
  168294943-168294944: internal log region (offset 167784448-234893311)
  168295455-168295456: internal log region (offset 167784448-234893311)
  168295967-168295968: internal log region (offset 167784448-234893311)
  168296479-168296480: internal log region (offset 167784448-234893311)
  168296991-168296992: internal log region (offset 167784448-234893311)
  168297503-168297504: internal log region (offset 167784448-234893311)
  168298015-168298016: internal log region (offset 167784448-234893311)
  168298527-168298528: internal log region (offset 167784448-234893311)
  168299039-168299040: internal log region (offset 167784448-234893311)
  168299551-168299552: internal log region (offset 167784448-234893311)
  168300063-168300064: internal log region (offset 167784448-234893311)
  168300575-168300576: internal log region (offset 167784448-234893311)
  168301087-168301088: internal log region (offset 167784448-234893311)
  168301599-168301600: internal log region (offset 167784448-234893311)
  168302111-168302112: internal log region (offset 167784448-234893311)
  168302623-168302624: internal log region (offset 167784448-234893311)
  168303135-168303136: internal log region (offset 167784448-234893311)
  168303647-168303648: internal log region (offset 167784448-234893311)
  168304159-168304160: internal log region (offset 167784448-234893311)
  168304671-168304672: internal log region (offset 167784448-234893311)
  168305183-168305184: internal log region (offset 167784448-234893311)
  168305695-168305696: internal log region (offset 167784448-234893311)
  168306207-168306208: internal log region (offset 167784448-234893311)
  168306719-168306720: internal log region (offset 167784448-234893311)
  168307231-168307232: internal log region (offset 167784448-234893311)
  168307743-168307744: internal log region (offset 167784448-234893311)
  168308255-168308256: internal log region (offset 167784448-234893311)
  168308767-168308768: internal log region (offset 167784448-234893311)
  168309279-168309280: internal log region (offset 167784448-234893311)
  168309791-168309792: internal log region (offset 167784448-234893311)
  168310303-168310304: internal log region (offset 167784448-234893311)
  168310815-168310816: internal log region (offset 167784448-234893311)
  168311327-168311328: internal log region (offset 167784448-234893311)
  168311839-168311840: internal log region (offset 167784448-234893311)
  168312351-168312352: internal log region (offset 167784448-234893311)
  168312863-168312864: internal log region (offset 167784448-234893311)
  168313375-168313376: internal log region (offset 167784448-234893311)
  168313887-168313888: internal log region (offset 167784448-234893311)
  168314399-168314400: internal log region (offset 167784448-234893311)
  168314911-168314912: internal log region (offset 167784448-234893311)
  168315423-168315424: internal log region (offset 167784448-234893311)
  168315935-168315936: internal log region (offset 167784448-234893311)
  168316447-168316448: internal log region (offset 167784448-234893311)
  168316959-168316960: internal log region (offset 167784448-234893311)
  168317471-168317472: internal log region (offset 167784448-234893311)
  168317983-168317984: internal log region (offset 167784448-234893311)
  168318495-168318496: internal log region (offset 167784448-234893311)
  168319007-168319008: internal log region (offset 167784448-234893311)
  168319519-168319520: internal log region (offset 167784448-234893311)
  168320031-168320032: internal log region (offset 167784448-234893311)
  168320543-168320544: internal log region (offset 167784448-234893311)
  168321055-168321056: internal log region (offset 167784448-234893311)
  168321567-168321568: internal log region (offset 167784448-234893311)
  168322079-168322080: internal log region (offset 167784448-234893311)
  168322591-168322592: internal log region (offset 167784448-234893311)
  168323103-168323104: internal log region (offset 167784448-234893311)
  168323615-168323616: internal log region (offset 167784448-234893311)
  168324127-168324128: internal log region (offset 167784448-234893311)
  168324639-168324640: internal log region (offset 167784448-234893311)
  168325151-168325152: internal log region (offset 167784448-234893311)
  168325663-168325664: internal log region (offset 167784448-234893311)
  168326175-168326176: internal log region (offset 167784448-234893311)
  168326687-168326688: internal log region (offset 167784448-234893311)
  168327199-168327200: internal log region (offset 167784448-234893311)
  168327711-168327712: internal log region (offset 167784448-234893311)
  168328223-168328224: internal log region (offset 167784448-234893311)
  168328735-168328736: internal log region (offset 167784448-234893311)
  168329247-168329248: internal log region (offset 167784448-234893311)
  168329759-168329760: internal log region (offset 167784448-234893311)
  168330271-168330272: internal log region (offset 167784448-234893311)
  168330783-168330784: internal log region (offset 167784448-234893311)
  168331295-168331296: internal log region (offset 167784448-234893311)
  168331807-168331808: internal log region (offset 167784448-234893311)
  168332319-168332320: internal log region (offset 167784448-234893311)
  168332831-168332832: internal log region (offset 167784448-234893311)
  168333343-168333344: internal log region (offset 167784448-234893311)
  168333855-168333856: internal log region (offset 167784448-234893311)
  168334367-168334368: internal log region (offset 167784448-234893311)
  168334879-168334880: internal log region (offset 167784448-234893311)
  168335391-168335392: internal log region (offset 167784448-234893311)
  168335903-168335904: internal log region (offset 167784448-234893311)
  168336415-168336416: internal log region (offset 167784448-234893311)
  168336927-168336928: internal log region (offset 167784448-234893311)
  168337439-168337440: internal log region (offset 167784448-234893311)
  168337951-168337952: internal log region (offset 167784448-234893311)
  168338463-168338464: internal log region (offset 167784448-234893311)
  168338975-168338976: internal log region (offset 167784448-234893311)
  168339487-168339488: internal log region (offset 167784448-234893311)
  168339999-168340000: internal log region (offset 167784448-234893311)
  168340511-168340512: internal log region (offset 167784448-234893311)
  168341023-168341024: internal log region (offset 167784448-234893311)
  168341535-168341536: internal log region (offset 167784448-234893311)
  168342047-168342048: internal log region (offset 167784448-234893311)
  168342559-168342560: internal log region (offset 167784448-234893311)
  168343071-168343072: internal log region (offset 167784448-234893311)
  168343583-168343584: internal log region (offset 167784448-234893311)
  168344095-168344096: internal log region (offset 167784448-234893311)
  168344607-168344608: internal log region (offset 167784448-234893311)
  168345119-168345120: internal log region (offset 167784448-234893311)
  168345631-168345632: internal log region (offset 167784448-234893311)
  168346143-168346144: internal log region (offset 167784448-234893311)
  168346655-168346656: internal log region (offset 167784448-234893311)
  168347167-168347168: internal log region (offset 167784448-234893311)
  168347679-168347680: internal log region (offset 167784448-234893311)
  168348191-168348192: internal log region (offset 167784448-234893311)
  168348703-168348704: internal log region (offset 167784448-234893311)
  168349215-168349216: internal log region (offset 167784448-234893311)
  168349727-168349728: internal log region (offset 167784448-234893311)
  168350239-168350240: internal log region (offset 167784448-234893311)
  168350751-168350752: internal log region (offset 167784448-234893311)
  168351263-168351264: internal log region (offset 167784448-234893311)
  168351775-168351776: internal log region (offset 167784448-234893311)
  168352287-168352288: internal log region (offset 167784448-234893311)
  168352799-168352800: internal log region (offset 167784448-234893311)
  168353311-168353312: internal log region (offset 167784448-234893311)
  168353823-168353824: internal log region (offset 167784448-234893311)
  168354335-168354336: internal log region (offset 167784448-234893311)
  168354847-168354848: internal log region (offset 167784448-234893311)
  168355359-168355360: internal log region (offset 167784448-234893311)
  168355871-168355872: internal log region (offset 167784448-234893311)
  168356383-168356384: internal log region (offset 167784448-234893311)
  168356895-168356896: internal log region (offset 167784448-234893311)
  168357407-168357408: internal log region (offset 167784448-234893311)
  168357919-168357920: internal log region (offset 167784448-234893311)
  168358431-168358432: internal log region (offset 167784448-234893311)
  168358943-168358944: internal log region (offset 167784448-234893311)
  168359455-168359456: internal log region (offset 167784448-234893311)
  168359967-168359968: internal log region (offset 167784448-234893311)
  168360479-168360480: internal log region (offset 167784448-234893311)
  168360991-168360992: internal log region (offset 167784448-234893311)
  168361503-168361504: internal log region (offset 167784448-234893311)
  168362015-168362016: internal log region (offset 167784448-234893311)
  168362527-168362528: internal log region (offset 167784448-234893311)
  168363039-168363040: internal log region (offset 167784448-234893311)
  168363551-168363552: internal log region (offset 167784448-234893311)
  168364063-168364064: internal log region (offset 167784448-234893311)
  168364575-168364576: internal log region (offset 167784448-234893311)
  168365087-168365088: internal log region (offset 167784448-234893311)
  168365599-168365600: internal log region (offset 167784448-234893311)
  168366111-168366112: internal log region (offset 167784448-234893311)
  168366623-168366624: internal log region (offset 167784448-234893311)
  168367135-168367136: internal log region (offset 167784448-234893311)
  168367647-168367648: internal log region (offset 167784448-234893311)
  168368159-168368160: internal log region (offset 167784448-234893311)
  168368671-168368672: internal log region (offset 167784448-234893311)
  168369183-168369184: internal log region (offset 167784448-234893311)
  168369695-168369696: internal log region (offset 167784448-234893311)
  168370207-168370208: internal log region (offset 167784448-234893311)
  168370719-168370720: internal log region (offset 167784448-234893311)
  168371231-168371232: internal log region (offset 167784448-234893311)
  168371743-168371744: internal log region (offset 167784448-234893311)
  168372255-168372256: internal log region (offset 167784448-234893311)
  168372767-168372768: internal log region (offset 167784448-234893311)
  168373279-168373280: internal log region (offset 167784448-234893311)
  168373791-168373792: internal log region (offset 167784448-234893311)
  168374303-168374304: internal log region (offset 167784448-234893311)
  168374815-168374816: internal log region (offset 167784448-234893311)
  168375327-168375328: internal log region (offset 167784448-234893311)
  168375839-168375840: internal log region (offset 167784448-234893311)
  168376351-168376352: internal log region (offset 167784448-234893311)
  168376863-168376864: internal log region (offset 167784448-234893311)
  168377375-168377376: internal log region (offset 167784448-234893311)
  168377887-168377888: internal log region (offset 167784448-234893311)
  168378399-168378400: internal log region (offset 167784448-234893311)
  168378911-168378912: internal log region (offset 167784448-234893311)
  168379423-168379424: internal log region (offset 167784448-234893311)
  168379935-168379936: internal log region (offset 167784448-234893311)
  168380447-168380448: internal log region (offset 167784448-234893311)
  168380959-168380960: internal log region (offset 167784448-234893311)
  168381471-168381472: internal log region (offset 167784448-234893311)
  168381983-168381984: internal log region (offset 167784448-234893311)
  168382495-168382496: internal log region (offset 167784448-234893311)
  168383007-168383008: internal log region (offset 167784448-234893311)
  168383519-168383520: internal log region (offset 167784448-234893311)
  168384031-168384032: internal log region (offset 167784448-234893311)
  168384543-168384544: internal log region (offset 167784448-234893311)
  168385055-168385056: internal log region (offset 167784448-234893311)
  168385567-168385568: internal log region (offset 167784448-234893311)
  168386079-168386080: internal log region (offset 167784448-234893311)
  168386591-168386592: internal log region (offset 167784448-234893311)
  168387103-168387104: internal log region (offset 167784448-234893311)
  168387615-168387616: internal log region (offset 167784448-234893311)
  168388127-168388128: internal log region (offset 167784448-234893311)
  168388639-168388640: internal log region (offset 167784448-234893311)
  168389151-168389152: internal log region (offset 167784448-234893311)
  168389663-168389664: internal log region (offset 167784448-234893311)
  168390175-168390176: internal log region (offset 167784448-234893311)
  168390687-168390688: internal log region (offset 167784448-234893311)
  168391199-168391200: internal log region (offset 167784448-234893311)
  168391711-168391712: internal log region (offset 167784448-234893311)
  168392223-168392224: internal log region (offset 167784448-234893311)
  168392735-168392736: internal log region (offset 167784448-234893311)
  168393247-168393248: internal log region (offset 167784448-234893311)
  168393759-168393760: internal log region (offset 167784448-234893311)
  168394271-168394272: internal log region (offset 167784448-234893311)
  168394783-168394784: internal log region (offset 167784448-234893311)
  168395295-168395296: internal log region (offset 167784448-234893311)
  168395807-168395808: internal log region (offset 167784448-234893311)
  168396319-168396320: internal log region (offset 167784448-234893311)
  168396831-168396832: internal log region (offset 167784448-234893311)
  168397343-168397344: internal log region (offset 167784448-234893311)
  168397855-168397856: internal log region (offset 167784448-234893311)
  168398367-168398368: internal log region (offset 167784448-234893311)
  168398879-168398880: internal log region (offset 167784448-234893311)
  168399391-168399392: internal log region (offset 167784448-234893311)
  168399903-168399904: internal log region (offset 167784448-234893311)
  168400415-168400416: internal log region (offset 167784448-234893311)
  168400927-168400928: internal log region (offset 167784448-234893311)
  168401439-168401440: internal log region (offset 167784448-234893311)
  168401951-168401952: internal log region (offset 167784448-234893311)
  168402463-168402464: internal log region (offset 167784448-234893311)
  168402975-168402976: internal log region (offset 167784448-234893311)
  168403487-168403488: internal log region (offset 167784448-234893311)
  168403999-168404000: internal log region (offset 167784448-234893311)
  168404511-168404512: internal log region (offset 167784448-234893311)
  168405023-168405024: internal log region (offset 167784448-234893311)
  168405535-168405536: internal log region (offset 167784448-234893311)
  168406047-168406048: internal log region (offset 167784448-234893311)
  168406559-168406560: internal log region (offset 167784448-234893311)
  168407071-168407072: internal log region (offset 167784448-234893311)
  168407583-168407584: internal log region (offset 167784448-234893311)
  168408095-168408096: internal log region (offset 167784448-234893311)
  168408607-168408608: internal log region (offset 167784448-234893311)
  168409119-168409120: internal log region (offset 167784448-234893311)
  168409631-168409632: internal log region (offset 167784448-234893311)
  168410143-168410144: internal log region (offset 167784448-234893311)
  168410655-168410656: internal log region (offset 167784448-234893311)
  168411167-168411168: internal log region (offset 167784448-234893311)
  168411679-168411680: internal log region (offset 167784448-234893311)
  168412191-168412192: internal log region (offset 167784448-234893311)
  168412703-168412704: internal log region (offset 167784448-234893311)
  168413215-168413216: internal log region (offset 167784448-234893311)
  168413727-168413728: internal log region (offset 167784448-234893311)
  168414239-168414240: internal log region (offset 167784448-234893311)
  168414751-168414752: internal log region (offset 167784448-234893311)
  168415263-168415264: internal log region (offset 167784448-234893311)
  168415775-168415776: internal log region (offset 167784448-234893311)
  168416287-168416288: internal log region (offset 167784448-234893311)
  168416799-168416800: internal log region (offset 167784448-234893311)
  168417311-168417312: internal log region (offset 167784448-234893311)
  168417823-168417824: internal log region (offset 167784448-234893311)
  168418335-168418336: internal log region (offset 167784448-234893311)
  168418847-168418848: internal log region (offset 167784448-234893311)
  168419359-168419360: internal log region (offset 167784448-234893311)
  168419871-168419872: internal log region (offset 167784448-234893311)
  168420383-168420384: internal log region (offset 167784448-234893311)
  168420895-168420896: internal log region (offset 167784448-234893311)
  168421407-168421408: internal log region (offset 167784448-234893311)
  168421919-168421920: internal log region (offset 167784448-234893311)
  168422431-168422432: internal log region (offset 167784448-234893311)
  168422943-168422944: internal log region (offset 167784448-234893311)
  168423455-168423456: internal log region (offset 167784448-234893311)
  168423967-168423968: internal log region (offset 167784448-234893311)
  168424479-168424480: internal log region (offset 167784448-234893311)
  168424991-168424992: internal log region (offset 167784448-234893311)
  168425503-168425504: internal log region (offset 167784448-234893311)
  168426015-168426016: internal log region (offset 167784448-234893311)
  168426527-168426528: internal log region (offset 167784448-234893311)
  168427039-168427040: internal log region (offset 167784448-234893311)
  168427551-168427552: internal log region (offset 167784448-234893311)
  168428063-168428064: internal log region (offset 167784448-234893311)
  168428575-168428576: internal log region (offset 167784448-234893311)
  168429087-168429088: internal log region (offset 167784448-234893311)
  168429599-168429600: internal log region (offset 167784448-234893311)
  168430111-168430112: internal log region (offset 167784448-234893311)
  168430623-168430624: internal log region (offset 167784448-234893311)
  168431135-168431136: internal log region (offset 167784448-234893311)
  168431647-168431648: internal log region (offset 167784448-234893311)
  168432159-168432160: internal log region (offset 167784448-234893311)
  168432671-168432672: internal log region (offset 167784448-234893311)
  168433183-168433184: internal log region (offset 167784448-234893311)
  168433695-168433696: internal log region (offset 167784448-234893311)
  168434207-168434208: internal log region (offset 167784448-234893311)
  168434719-168434720: internal log region (offset 167784448-234893311)
  168435231-168435232: internal log region (offset 167784448-234893311)
  168435743-168435744: internal log region (offset 167784448-234893311)
  168436255-168436256: internal log region (offset 167784448-234893311)
  168436767-168436768: internal log region (offset 167784448-234893311)
  168437279-168437280: internal log region (offset 167784448-234893311)
  168437791-168437792: internal log region (offset 167784448-234893311)
  168438303-168438304: internal log region (offset 167784448-234893311)
  168438815-168438816: internal log region (offset 167784448-234893311)
  168439327-168439328: internal log region (offset 167784448-234893311)
  168439839-168439840: internal log region (offset 167784448-234893311)
  168440351-168440352: internal log region (offset 167784448-234893311)
  168440863-168440864: internal log region (offset 167784448-234893311)
  168441375-168441376: internal log region (offset 167784448-234893311)
  168441887-168441888: internal log region (offset 167784448-234893311)
  168442399-168442400: internal log region (offset 167784448-234893311)
  168442911-168442912: internal log region (offset 167784448-234893311)
  168443423-168443424: internal log region (offset 167784448-234893311)
  168443935-168443936: internal log region (offset 167784448-234893311)
  168444447-168444448: internal log region (offset 167784448-234893311)
  168444959-168444960: internal log region (offset 167784448-234893311)
  168445471-168445472: internal log region (offset 167784448-234893311)
  168445983-168445984: internal log region (offset 167784448-234893311)
  168446495-168446496: internal log region (offset 167784448-234893311)
  168447007-168447008: internal log region (offset 167784448-234893311)
  168447519-168447520: internal log region (offset 167784448-234893311)
  168448031-168448032: internal log region (offset 167784448-234893311)
  168448543-168448544: internal log region (offset 167784448-234893311)
  168449055-168449056: internal log region (offset 167784448-234893311)
  168449567-168449568: internal log region (offset 167784448-234893311)
  168450079-168450080: internal log region (offset 167784448-234893311)
  168450591-168450592: internal log region (offset 167784448-234893311)
  168451103-168451104: internal log region (offset 167784448-234893311)
  168451615-168451616: internal log region (offset 167784448-234893311)
  168452127-168452128: internal log region (offset 167784448-234893311)
  168452639-168452640: internal log region (offset 167784448-234893311)
  168453151-168453152: internal log region (offset 167784448-234893311)
  168453663-168453664: internal log region (offset 167784448-234893311)
  168454175-168454176: internal log region (offset 167784448-234893311)
  168454687-168454688: internal log region (offset 167784448-234893311)
  168455199-168455200: internal log region (offset 167784448-234893311)
  168455711-168455712: internal log region (offset 167784448-234893311)
  168456223-168456224: internal log region (offset 167784448-234893311)
  168456735-168456736: internal log region (offset 167784448-234893311)
  168457247-168457248: internal log region (offset 167784448-234893311)
  168457759-168457760: internal log region (offset 167784448-234893311)
  168458271-168458272: internal log region (offset 167784448-234893311)
  168458783-168458784: internal log region (offset 167784448-234893311)
  168459295-168459296: internal log region (offset 167784448-234893311)
  168459807-168459808: internal log region (offset 167784448-234893311)
  168460319-168460320: internal log region (offset 167784448-234893311)
  168460831-168460832: internal log region (offset 167784448-234893311)
  168461343-168461344: internal log region (offset 167784448-234893311)
  168461855-168461856: internal log region (offset 167784448-234893311)
  168462367-168462368: internal log region (offset 167784448-234893311)
  168462879-168462880: internal log region (offset 167784448-234893311)
  168463391-168463392: internal log region (offset 167784448-234893311)
  168463903-168463904: internal log region (offset 167784448-234893311)
  168464415-168464416: internal log region (offset 167784448-234893311)
  168464927-168464928: internal log region (offset 167784448-234893311)
  168465439-168465440: internal log region (offset 167784448-234893311)
  168465951-168465952: internal log region (offset 167784448-234893311)
  168466463-168466464: internal log region (offset 167784448-234893311)
  168466975-168466976: internal log region (offset 167784448-234893311)
  168467487-168467488: internal log region (offset 167784448-234893311)
  168467999-168468000: internal log region (offset 167784448-234893311)
  168468511-168468512: internal log region (offset 167784448-234893311)
  168469023-168469024: internal log region (offset 167784448-234893311)
  168469535-168469536: internal log region (offset 167784448-234893311)
  168470047-168470048: internal log region (offset 167784448-234893311)
  168470559-168470560: internal log region (offset 167784448-234893311)
  168471071-168471072: internal log region (offset 167784448-234893311)
  168471583-168471584: internal log region (offset 167784448-234893311)
  168472095-168472096: internal log region (offset 167784448-234893311)
  168472607-168472608: internal log region (offset 167784448-234893311)
  168473119-168473120: internal log region (offset 167784448-234893311)
  168473631-168473632: internal log region (offset 167784448-234893311)
  168474143-168474144: internal log region (offset 167784448-234893311)
  168474655-168474656: internal log region (offset 167784448-234893311)
  168475167-168475168: internal log region (offset 167784448-234893311)
  168475679-168475680: internal log region (offset 167784448-234893311)
  168476191-168476192: internal log region (offset 167784448-234893311)
  168476703-168476704: internal log region (offset 167784448-234893311)
  168477215-168477216: internal log region (offset 167784448-234893311)
  168477727-168477728: internal log region (offset 167784448-234893311)
  168478239-168478240: internal log region (offset 167784448-234893311)
  168478751-168478752: internal log region (offset 167784448-234893311)
  168479263-168479264: internal log region (offset 167784448-234893311)
  168479775-168479776: internal log region (offset 167784448-234893311)
  168480287-168480288: internal log region (offset 167784448-234893311)
  168480799-168480800: internal log region (offset 167784448-234893311)
  168481311-168481312: internal log region (offset 167784448-234893311)
  168481823-168481824: internal log region (offset 167784448-234893311)
  168482335-168482336: internal log region (offset 167784448-234893311)
  168482847-168482848: internal log region (offset 167784448-234893311)
  168483359-168483360: internal log region (offset 167784448-234893311)
  168483871-168483872: internal log region (offset 167784448-234893311)
  168484383-168484384: internal log region (offset 167784448-234893311)
  168484895-168484896: internal log region (offset 167784448-234893311)
  168485407-168485408: internal log region (offset 167784448-234893311)
  168485919-168485920: internal log region (offset 167784448-234893311)
  168486431-168486432: internal log region (offset 167784448-234893311)
  168486943-168486944: internal log region (offset 167784448-234893311)
  168487455-168487456: internal log region (offset 167784448-234893311)
  168487967-168487968: internal log region (offset 167784448-234893311)
  168488479-168488480: internal log region (offset 167784448-234893311)
  168488991-168488992: internal log region (offset 167784448-234893311)
  168489503-168489504: internal log region (offset 167784448-234893311)
  168490015-168490016: internal log region (offset 167784448-234893311)
  168490527-168490528: internal log region (offset 167784448-234893311)
  168491039-168491040: internal log region (offset 167784448-234893311)
  168491551-168491552: internal log region (offset 167784448-234893311)
  168492063-168492064: internal log region (offset 167784448-234893311)
  168492575-168492576: internal log region (offset 167784448-234893311)
  168493087-168493088: internal log region (offset 167784448-234893311)
  168493599-168493600: internal log region (offset 167784448-234893311)
  168494111-168494112: internal log region (offset 167784448-234893311)
  168494623-168494624: internal log region (offset 167784448-234893311)
  168495135-168495136: internal log region (offset 167784448-234893311)
  168495647-168495648: internal log region (offset 167784448-234893311)
  168496159-168496160: internal log region (offset 167784448-234893311)
  168496671-168496672: internal log region (offset 167784448-234893311)
  168497183-168497184: internal log region (offset 167784448-234893311)
  168497695-168497696: internal log region (offset 167784448-234893311)
  168498207-168498208: internal log region (offset 167784448-234893311)
  168498719-168498720: internal log region (offset 167784448-234893311)
  168499231-168499232: internal log region (offset 167784448-234893311)
  168499743-168499744: internal log region (offset 167784448-234893311)
  168500255-168500256: internal log region (offset 167784448-234893311)
  168500767-168500768: internal log region (offset 167784448-234893311)
  168501279-168501280: internal log region (offset 167784448-234893311)
  168501791-168501792: internal log region (offset 167784448-234893311)
  168502303-168502304: internal log region (offset 167784448-234893311)
  168502815-168502816: internal log region (offset 167784448-234893311)
  168503327-168503328: internal log region (offset 167784448-234893311)
  168503839-168503840: internal log region (offset 167784448-234893311)
  168504351-168504352: internal log region (offset 167784448-234893311)
  168504863-168504864: internal log region (offset 167784448-234893311)
  168505375-168505376: internal log region (offset 167784448-234893311)
  168505887-168505888: internal log region (offset 167784448-234893311)
  168506399-168506400: internal log region (offset 167784448-234893311)
  168506911-168506912: internal log region (offset 167784448-234893311)
  168507423-168507424: internal log region (offset 167784448-234893311)
  168507935-168507936: internal log region (offset 167784448-234893311)
  168508447-168508448: internal log region (offset 167784448-234893311)
  168508959-168508960: internal log region (offset 167784448-234893311)
  168509471-168509472: internal log region (offset 167784448-234893311)
  168509983-168509984: internal log region (offset 167784448-234893311)
  168510495-168510496: internal log region (offset 167784448-234893311)
  168511007-168511008: internal log region (offset 167784448-234893311)
  168511519-168511520: internal log region (offset 167784448-234893311)
  168512031-168512032: internal log region (offset 167784448-234893311)
  168512543-168512544: internal log region (offset 167784448-234893311)
  168513055-168513056: internal log region (offset 167784448-234893311)
  168513567-168513568: internal log region (offset 167784448-234893311)
  168514079-168514080: internal log region (offset 167784448-234893311)
  168514591-168514592: internal log region (offset 167784448-234893311)
  168515103-168515104: internal log region (offset 167784448-234893311)
  168515615-168515616: internal log region (offset 167784448-234893311)
  168516127-168516128: internal log region (offset 167784448-234893311)
  168516639-168516640: internal log region (offset 167784448-234893311)
  168517151-168517152: internal log region (offset 167784448-234893311)
  168517663-168517664: internal log region (offset 167784448-234893311)
  168518175-168518176: internal log region (offset 167784448-234893311)
  168518687-168518688: internal log region (offset 167784448-234893311)
  168519199-168519200: internal log region (offset 167784448-234893311)
  168519711-168519712: internal log region (offset 167784448-234893311)
  168520223-168520224: internal log region (offset 167784448-234893311)
  168520735-168520736: internal log region (offset 167784448-234893311)
  168521247-168521248: internal log region (offset 167784448-234893311)
  168521759-168521760: internal log region (offset 167784448-234893311)
  168522271-168522272: internal log region (offset 167784448-234893311)
  168522783-168522784: internal log region (offset 167784448-234893311)
  168523295-168523296: internal log region (offset 167784448-234893311)
  168523807-168523808: internal log region (offset 167784448-234893311)
  168524319-168524320: internal log region (offset 167784448-234893311)
  168524831-168524832: internal log region (offset 167784448-234893311)
  168525343-168525344: internal log region (offset 167784448-234893311)
  168525855-168525856: internal log region (offset 167784448-234893311)
  168526367-168526368: internal log region (offset 167784448-234893311)
  168526879-168526880: internal log region (offset 167784448-234893311)
  168527391-168527392: internal log region (offset 167784448-234893311)
  168527903-168527904: internal log region (offset 167784448-234893311)
  168528415-168528416: internal log region (offset 167784448-234893311)
  168528927-168528928: internal log region (offset 167784448-234893311)
  168529439-168529440: internal log region (offset 167784448-234893311)
  168529951-168529952: internal log region (offset 167784448-234893311)
  168530463-168530464: internal log region (offset 167784448-234893311)
  168530975-168530976: internal log region (offset 167784448-234893311)
  168531487-168531488: internal log region (offset 167784448-234893311)
  168531999-168532000: internal log region (offset 167784448-234893311)
  168532511-168532512: internal log region (offset 167784448-234893311)
  168533023-168533024: internal log region (offset 167784448-234893311)
  168533535-168533536: internal log region (offset 167784448-234893311)
  168534047-168534048: internal log region (offset 167784448-234893311)
  168534559-168534560: internal log region (offset 167784448-234893311)
  168535071-168535072: internal log region (offset 167784448-234893311)
  168535583-168535584: internal log region (offset 167784448-234893311)
  168536095-168536096: internal log region (offset 167784448-234893311)
  168536607-168536608: internal log region (offset 167784448-234893311)
  168537119-168537120: internal log region (offset 167784448-234893311)
  168537631-168537632: internal log region (offset 167784448-234893311)
  168538143-168538144: internal log region (offset 167784448-234893311)
  168538655-168538656: internal log region (offset 167784448-234893311)
  168539167-168539168: internal log region (offset 167784448-234893311)
  168539679-168539680: internal log region (offset 167784448-234893311)
  168540191-168540192: internal log region (offset 167784448-234893311)
  168540703-168540704: internal log region (offset 167784448-234893311)
  168541215-168541216: internal log region (offset 167784448-234893311)
  168541727-168541728: internal log region (offset 167784448-234893311)
  168542239-168542240: internal log region (offset 167784448-234893311)
  168542751-168542752: internal log region (offset 167784448-234893311)
  168543263-168543264: internal log region (offset 167784448-234893311)
  168543775-168543776: internal log region (offset 167784448-234893311)
  168544287-168544288: internal log region (offset 167784448-234893311)
  168544799-168544800: internal log region (offset 167784448-234893311)
  168545311-168545312: internal log region (offset 167784448-234893311)
  168545823-168545824: internal log region (offset 167784448-234893311)
  168546335-168546336: internal log region (offset 167784448-234893311)
  168546847-168546848: internal log region (offset 167784448-234893311)
  168547359-168547360: internal log region (offset 167784448-234893311)
  168547871-168547872: internal log region (offset 167784448-234893311)
  168548383-168548384: internal log region (offset 167784448-234893311)
  168548895-168548896: internal log region (offset 167784448-234893311)
  168549407-168549408: internal log region (offset 167784448-234893311)
  168549919-168549920: internal log region (offset 167784448-234893311)
  168550431-168550432: internal log region (offset 167784448-234893311)
  168550943-168550944: internal log region (offset 167784448-234893311)
  168551455-168551456: internal log region (offset 167784448-234893311)
  168551967-168551968: internal log region (offset 167784448-234893311)
  168552479-168552480: internal log region (offset 167784448-234893311)
  168552991-168552992: internal log region (offset 167784448-234893311)
  168553503-168553504: internal log region (offset 167784448-234893311)
  168554015-168554016: internal log region (offset 167784448-234893311)
  168554527-168554528: internal log region (offset 167784448-234893311)
  168555039-168555040: internal log region (offset 167784448-234893311)
  168555551-168555552: internal log region (offset 167784448-234893311)
  168556063-168556064: internal log region (offset 167784448-234893311)
  168556575-168556576: internal log region (offset 167784448-234893311)
  168557087-168557088: internal log region (offset 167784448-234893311)
  168557599-168557600: internal log region (offset 167784448-234893311)
  168558111-168558112: internal log region (offset 167784448-234893311)
  168558623-168558624: internal log region (offset 167784448-234893311)
  168559135-168559136: internal log region (offset 167784448-234893311)
  168559647-168559648: internal log region (offset 167784448-234893311)
  168560159-168560160: internal log region (offset 167784448-234893311)
  168560671-168560672: internal log region (offset 167784448-234893311)
  168561183-168561184: internal log region (offset 167784448-234893311)
  168561695-168561696: internal log region (offset 167784448-234893311)
  168562207-168562208: internal log region (offset 167784448-234893311)
  168562719-168562720: internal log region (offset 167784448-234893311)
  168563231-168563232: internal log region (offset 167784448-234893311)
  168563743-168563744: internal log region (offset 167784448-234893311)
  168564255-168564256: internal log region (offset 167784448-234893311)
  168564767-168564768: internal log region (offset 167784448-234893311)
  168565279-168565280: internal log region (offset 167784448-234893311)
  168565791-168565792: internal log region (offset 167784448-234893311)
  168566303-168566304: internal log region (offset 167784448-234893311)
  168566815-168566816: internal log region (offset 167784448-234893311)
  168567327-168567328: internal log region (offset 167784448-234893311)
  168567839-168567840: internal log region (offset 167784448-234893311)
  168568351-168568352: internal log region (offset 167784448-234893311)
  168568863-168568864: internal log region (offset 167784448-234893311)
  168569375-168569376: internal log region (offset 167784448-234893311)
  168569887-168569888: internal log region (offset 167784448-234893311)
  168570399-168570400: internal log region (offset 167784448-234893311)
  168570911-168570912: internal log region (offset 167784448-234893311)
  168571423-168571424: internal log region (offset 167784448-234893311)
  168571935-168571936: internal log region (offset 167784448-234893311)
  168572447-168572448: internal log region (offset 167784448-234893311)
  168572959-168572960: internal log region (offset 167784448-234893311)
  168573471-168573472: internal log region (offset 167784448-234893311)
  168573983-168573984: internal log region (offset 167784448-234893311)
  168574495-168574496: internal log region (offset 167784448-234893311)
  168575007-168575008: internal log region (offset 167784448-234893311)
  168575519-168575520: internal log region (offset 167784448-234893311)
  168576031-168576032: internal log region (offset 167784448-234893311)
  168576543-168576544: internal log region (offset 167784448-234893311)
  168577055-168577056: internal log region (offset 167784448-234893311)
  168577567-168577568: internal log region (offset 167784448-234893311)
  168578079-168578080: internal log region (offset 167784448-234893311)
  168578591-168578592: internal log region (offset 167784448-234893311)
  168579103-168579104: internal log region (offset 167784448-234893311)
  168579615-168579616: internal log region (offset 167784448-234893311)
  168580127-168580128: internal log region (offset 167784448-234893311)
  168580639-168580640: internal log region (offset 167784448-234893311)
  168581151-168581152: internal log region (offset 167784448-234893311)
  168581663-168581664: internal log region (offset 167784448-234893311)
  168582175-168582176: internal log region (offset 167784448-234893311)
  168582687-168582688: internal log region (offset 167784448-234893311)
  168583199-168583200: internal log region (offset 167784448-234893311)
  168583711-168583712: internal log region (offset 167784448-234893311)
  168584223-168584224: internal log region (offset 167784448-234893311)
  168584735-168584736: internal log region (offset 167784448-234893311)
  168585247-168585248: internal log region (offset 167784448-234893311)
  168585759-168585760: internal log region (offset 167784448-234893311)
  168586271-168586272: internal log region (offset 167784448-234893311)
  168586783-168586784: internal log region (offset 167784448-234893311)
  168587295-168587296: internal log region (offset 167784448-234893311)
  168587807-168587808: internal log region (offset 167784448-234893311)
  168588319-168588320: internal log region (offset 167784448-234893311)
  168588831-168588832: internal log region (offset 167784448-234893311)
  168589343-168589344: internal log region (offset 167784448-234893311)
  168589855-168589856: internal log region (offset 167784448-234893311)
  168590367-168590368: internal log region (offset 167784448-234893311)
  168590879-168590880: internal log region (offset 167784448-234893311)
  168591391-168591392: internal log region (offset 167784448-234893311)
  168591903-168591904: internal log region (offset 167784448-234893311)
  168592415-168592416: internal log region (offset 167784448-234893311)
  168592927-168592928: internal log region (offset 167784448-234893311)
  168593439-168593440: internal log region (offset 167784448-234893311)
  168593951-168593952: internal log region (offset 167784448-234893311)
  168594463-168594464: internal log region (offset 167784448-234893311)
  168594975-168594976: internal log region (offset 167784448-234893311)
  168595487-168595488: internal log region (offset 167784448-234893311)
  168595999-168596000: internal log region (offset 167784448-234893311)
  168596511-168596512: internal log region (offset 167784448-234893311)
  168597023-168597024: internal log region (offset 167784448-234893311)
  168597535-168597536: internal log region (offset 167784448-234893311)
  168598047-168598048: internal log region (offset 167784448-234893311)
  168598559-168598560: internal log region (offset 167784448-234893311)
  168599071-168599072: internal log region (offset 167784448-234893311)
  168599583-168599584: internal log region (offset 167784448-234893311)
  168600095-168600096: internal log region (offset 167784448-234893311)
  168600607-168600608: internal log region (offset 167784448-234893311)
  168601119-168601120: internal log region (offset 167784448-234893311)
  168601631-168601632: internal log region (offset 167784448-234893311)
  168602143-168602144: internal log region (offset 167784448-234893311)
  168602655-168602656: internal log region (offset 167784448-234893311)
  168603167-168603168: internal log region (offset 167784448-234893311)
  168603679-168603680: internal log region (offset 167784448-234893311)
  168604191-168604192: internal log region (offset 167784448-234893311)
  168604703-168604704: internal log region (offset 167784448-234893311)
  168605215-168605216: internal log region (offset 167784448-234893311)
  168605727-168605728: internal log region (offset 167784448-234893311)
  168606239-168606240: internal log region (offset 167784448-234893311)
  168606751-168606752: internal log region (offset 167784448-234893311)
  168607263-168607264: internal log region (offset 167784448-234893311)
  168607775-168607776: internal log region (offset 167784448-234893311)
  168608287-168608288: internal log region (offset 167784448-234893311)
  168608799-168608800: internal log region (offset 167784448-234893311)
  168609311-168609312: internal log region (offset 167784448-234893311)
  168609823-168609824: internal log region (offset 167784448-234893311)
  168610335-168610336: internal log region (offset 167784448-234893311)
  168610847-168610848: internal log region (offset 167784448-234893311)
  168611359-168611360: internal log region (offset 167784448-234893311)
  168611871-168611872: internal log region (offset 167784448-234893311)
  168612383-168612384: internal log region (offset 167784448-234893311)
  168612895-168612896: internal log region (offset 167784448-234893311)
  168613407-168613408: internal log region (offset 167784448-234893311)
  168613919-168613920: internal log region (offset 167784448-234893311)
  168614431-168614432: internal log region (offset 167784448-234893311)
  168614943-168614944: internal log region (offset 167784448-234893311)
  168615455-168615456: internal log region (offset 167784448-234893311)
  168615967-168615968: internal log region (offset 167784448-234893311)
  168616479-168616480: internal log region (offset 167784448-234893311)
  168616991-168616992: internal log region (offset 167784448-234893311)
  168617503-168617504: internal log region (offset 167784448-234893311)
  168618015-168618016: internal log region (offset 167784448-234893311)
  168618527-168618528: internal log region (offset 167784448-234893311)
  168619039-168619040: internal log region (offset 167784448-234893311)
  168619551-168619552: internal log region (offset 167784448-234893311)
  168620063-168620064: internal log region (offset 167784448-234893311)
  168620575-168620576: internal log region (offset 167784448-234893311)
  168621087-168621088: internal log region (offset 167784448-234893311)
  168621599-168621600: internal log region (offset 167784448-234893311)
  168622111-168622112: internal log region (offset 167784448-234893311)
  168622623-168622624: internal log region (offset 167784448-234893311)
  168623135-168623136: internal log region (offset 167784448-234893311)
  168623647-168623648: internal log region (offset 167784448-234893311)
  168624159-168624160: internal log region (offset 167784448-234893311)
  168624671-168624672: internal log region (offset 167784448-234893311)
  168625183-168625184: internal log region (offset 167784448-234893311)
  168625695-168625696: internal log region (offset 167784448-234893311)
  168626207-168626208: internal log region (offset 167784448-234893311)
  168626719-168626720: internal log region (offset 167784448-234893311)
  168627231-168627232: internal log region (offset 167784448-234893311)
  168627743-168627744: internal log region (offset 167784448-234893311)
  168628255-168628256: internal log region (offset 167784448-234893311)
  168628767-168628768: internal log region (offset 167784448-234893311)
  168629279-168629280: internal log region (offset 167784448-234893311)
  168629791-168629792: internal log region (offset 167784448-234893311)
  168630303-168630304: internal log region (offset 167784448-234893311)
  168630815-168630816: internal log region (offset 167784448-234893311)
  168631327-168631328: internal log region (offset 167784448-234893311)
  168631839-168631840: internal log region (offset 167784448-234893311)
  168632351-168632352: internal log region (offset 167784448-234893311)
  168632863-168632864: internal log region (offset 167784448-234893311)
  168633375-168633376: internal log region (offset 167784448-234893311)
  168633887-168633888: internal log region (offset 167784448-234893311)
  168634399-168634400: internal log region (offset 167784448-234893311)
  168634911-168634912: internal log region (offset 167784448-234893311)
  168635423-168635424: internal log region (offset 167784448-234893311)
  168635935-168635936: internal log region (offset 167784448-234893311)
  168636447-168636448: internal log region (offset 167784448-234893311)
  168636959-168636960: internal log region (offset 167784448-234893311)
  168637471-168637472: internal log region (offset 167784448-234893311)
  168637983-168637984: internal log region (offset 167784448-234893311)
  168638495-168638496: internal log region (offset 167784448-234893311)
  168639007-168639008: internal log region (offset 167784448-234893311)
  168639519-168639520: internal log region (offset 167784448-234893311)
  168640031-168640032: internal log region (offset 167784448-234893311)
  168640543-168640544: internal log region (offset 167784448-234893311)
  168641055-168641056: internal log region (offset 167784448-234893311)
  168641567-168641568: internal log region (offset 167784448-234893311)
  168642079-168642080: internal log region (offset 167784448-234893311)
  168642591-168642592: internal log region (offset 167784448-234893311)
  168643103-168643104: internal log region (offset 167784448-234893311)
  168643615-168643616: internal log region (offset 167784448-234893311)
  168644127-168644128: internal log region (offset 167784448-234893311)
  168644639-168644640: internal log region (offset 167784448-234893311)
  168645151-168645152: internal log region (offset 167784448-234893311)
  168645663-168645664: internal log region (offset 167784448-234893311)
  168646175-168646176: internal log region (offset 167784448-234893311)
  168646687-168646688: internal log region (offset 167784448-234893311)
  168647199-168647200: internal log region (offset 167784448-234893311)
  168647711-168647712: internal log region (offset 167784448-234893311)
  168648223-168648224: internal log region (offset 167784448-234893311)
  168648735-168648736: internal log region (offset 167784448-234893311)
  168649247-168649248: internal log region (offset 167784448-234893311)
  168649759-168649760: internal log region (offset 167784448-234893311)
  168650271-168650272: internal log region (offset 167784448-234893311)
  168650783-168650784: internal log region (offset 167784448-234893311)
  168651295-168651296: internal log region (offset 167784448-234893311)
  168651807-168651808: internal log region (offset 167784448-234893311)
  168652319-168652320: internal log region (offset 167784448-234893311)
  168652831-168652832: internal log region (offset 167784448-234893311)
  168653343-168653344: internal log region (offset 167784448-234893311)
  168653855-168653856: internal log region (offset 167784448-234893311)
  168654367-168654368: internal log region (offset 167784448-234893311)
  168654879-168654880: internal log region (offset 167784448-234893311)
  168655391-168655392: internal log region (offset 167784448-234893311)
  168655903-168655904: internal log region (offset 167784448-234893311)
  168656415-168656416: internal log region (offset 167784448-234893311)
  168656927-168656928: internal log region (offset 167784448-234893311)
  168657439-168657440: internal log region (offset 167784448-234893311)
  168657951-168657952: internal log region (offset 167784448-234893311)
  168658463-168658464: internal log region (offset 167784448-234893311)
  168658975-168658976: internal log region (offset 167784448-234893311)
  168659487-168659488: internal log region (offset 167784448-234893311)
  168659999-168660000: internal log region (offset 167784448-234893311)
  168660511-168660512: internal log region (offset 167784448-234893311)
  168661023-168661024: internal log region (offset 167784448-234893311)
  168661535-168661536: internal log region (offset 167784448-234893311)
  168662047-168662048: internal log region (offset 167784448-234893311)
  168662559-168662560: internal log region (offset 167784448-234893311)
  168663071-168663072: internal log region (offset 167784448-234893311)
  168663583-168663584: internal log region (offset 167784448-234893311)
  168664095-168664096: internal log region (offset 167784448-234893311)
  168664607-168664608: internal log region (offset 167784448-234893311)
  168665119-168665120: internal log region (offset 167784448-234893311)
  168665631-168665632: internal log region (offset 167784448-234893311)
  168666143-168666144: internal log region (offset 167784448-234893311)
  168666655-168666656: internal log region (offset 167784448-234893311)
  168667167-168667168: internal log region (offset 167784448-234893311)
  168667679-168667680: internal log region (offset 167784448-234893311)
  168668191-168668192: internal log region (offset 167784448-234893311)
  168668703-168668704: internal log region (offset 167784448-234893311)
  168669215-168669216: internal log region (offset 167784448-234893311)
  168669727-168669728: internal log region (offset 167784448-234893311)
  168670239-168670240: internal log region (offset 167784448-234893311)
  168670751-168670752: internal log region (offset 167784448-234893311)
  168671263-168671264: internal log region (offset 167784448-234893311)
  168671775-168671776: internal log region (offset 167784448-234893311)
  168672287-168672288: internal log region (offset 167784448-234893311)
  168672799-168672800: internal log region (offset 167784448-234893311)
  168673311-168673312: internal log region (offset 167784448-234893311)
  168673823-168673824: internal log region (offset 167784448-234893311)
  168674335-168674336: internal log region (offset 167784448-234893311)
  168674847-168674848: internal log region (offset 167784448-234893311)
  168675359-168675360: internal log region (offset 167784448-234893311)
  168675871-168675872: internal log region (offset 167784448-234893311)
  168676383-168676384: internal log region (offset 167784448-234893311)
  168676895-168676896: internal log region (offset 167784448-234893311)
  168677407-168677408: internal log region (offset 167784448-234893311)
  168677919-168677920: internal log region (offset 167784448-234893311)
  168678431-168678432: internal log region (offset 167784448-234893311)
  168678943-168678944: internal log region (offset 167784448-234893311)
  168679455-168679456: internal log region (offset 167784448-234893311)
  168679967-168679968: internal log region (offset 167784448-234893311)
  168680479-168680480: internal log region (offset 167784448-234893311)
  168680991-168680992: internal log region (offset 167784448-234893311)
  168681503-168681504: internal log region (offset 167784448-234893311)
  168682015-168682016: internal log region (offset 167784448-234893311)
  168682527-168682528: internal log region (offset 167784448-234893311)
  168683039-168683040: internal log region (offset 167784448-234893311)
  168683551-168683552: internal log region (offset 167784448-234893311)
  168684063-168684064: internal log region (offset 167784448-234893311)
  168684575-168684576: internal log region (offset 167784448-234893311)
  168685087-168685088: internal log region (offset 167784448-234893311)
  168685599-168685600: internal log region (offset 167784448-234893311)
  168686111-168686112: internal log region (offset 167784448-234893311)
  168686623-168686624: internal log region (offset 167784448-234893311)
  168687135-168687136: internal log region (offset 167784448-234893311)
  168687647-168687648: internal log region (offset 167784448-234893311)
  168688159-168688160: internal log region (offset 167784448-234893311)
  168688671-168688672: internal log region (offset 167784448-234893311)
  168689183-168689184: internal log region (offset 167784448-234893311)
  168689695-168689696: internal log region (offset 167784448-234893311)
  168690207-168690208: internal log region (offset 167784448-234893311)
  168690719-168690720: internal log region (offset 167784448-234893311)
  168691231-168691232: internal log region (offset 167784448-234893311)
  168691743-168691744: internal log region (offset 167784448-234893311)
  168692255-168692256: internal log region (offset 167784448-234893311)
  168692767-168692768: internal log region (offset 167784448-234893311)
  168693279-168693280: internal log region (offset 167784448-234893311)
  168693791-168693792: internal log region (offset 167784448-234893311)
  168694303-168694304: internal log region (offset 167784448-234893311)
  168694815-168694816: internal log region (offset 167784448-234893311)
  168695327-168695328: internal log region (offset 167784448-234893311)
  168695839-168695840: internal log region (offset 167784448-234893311)
  168696351-168696352: internal log region (offset 167784448-234893311)
  168696863-168696864: internal log region (offset 167784448-234893311)
  168697375-168697376: internal log region (offset 167784448-234893311)
  168697887-168697888: internal log region (offset 167784448-234893311)
  168698399-168698400: internal log region (offset 167784448-234893311)
  168698911-168698912: internal log region (offset 167784448-234893311)
  168699423-168699424: internal log region (offset 167784448-234893311)
  168699935-168699936: internal log region (offset 167784448-234893311)
  168700447-168700448: internal log region (offset 167784448-234893311)
  168700959-168700960: internal log region (offset 167784448-234893311)
  168701471-168701472: internal log region (offset 167784448-234893311)
  168701983-168701984: internal log region (offset 167784448-234893311)
  168702495-168702496: internal log region (offset 167784448-234893311)
  168703007-168703008: internal log region (offset 167784448-234893311)
  168703519-168703520: internal log region (offset 167784448-234893311)
  168704031-168704032: internal log region (offset 167784448-234893311)
  168704543-168704544: internal log region (offset 167784448-234893311)
  168705055-168705056: internal log region (offset 167784448-234893311)
  168705567-168705568: internal log region (offset 167784448-234893311)
  168706079-168706080: internal log region (offset 167784448-234893311)
  168706591-168706592: internal log region (offset 167784448-234893311)
  168707103-168707104: internal log region (offset 167784448-234893311)
  168707615-168707616: internal log region (offset 167784448-234893311)
  168708127-168708128: internal log region (offset 167784448-234893311)
  168708639-168708640: internal log region (offset 167784448-234893311)
  168709151-168709152: internal log region (offset 167784448-234893311)
  168709663-168709664: internal log region (offset 167784448-234893311)
  168710175-168710176: internal log region (offset 167784448-234893311)
  168710687-168710688: internal log region (offset 167784448-234893311)
  168711199-168711200: internal log region (offset 167784448-234893311)
  168711711-168711712: internal log region (offset 167784448-234893311)
  168712223-168712224: internal log region (offset 167784448-234893311)
  168712735-168712736: internal log region (offset 167784448-234893311)
  168713247-168713248: internal log region (offset 167784448-234893311)
  168713759-168713760: internal log region (offset 167784448-234893311)
  168714271-168714272: internal log region (offset 167784448-234893311)
  168714783-168714784: internal log region (offset 167784448-234893311)
  168715295-168715296: internal log region (offset 167784448-234893311)
  168715807-168715808: internal log region (offset 167784448-234893311)
  168716319-168716320: internal log region (offset 167784448-234893311)
  168716831-168716832: internal log region (offset 167784448-234893311)
  168717343-168717344: internal log region (offset 167784448-234893311)
  168717855-168717856: internal log region (offset 167784448-234893311)
  168718367-168718368: internal log region (offset 167784448-234893311)
  168718879-168718880: internal log region (offset 167784448-234893311)
  168719391-168719392: internal log region (offset 167784448-234893311)
  168719903-168719904: internal log region (offset 167784448-234893311)
  168720415-168720416: internal log region (offset 167784448-234893311)
  168720927-168720928: internal log region (offset 167784448-234893311)
  168721439-168721440: internal log region (offset 167784448-234893311)
  168721951-168721952: internal log region (offset 167784448-234893311)
  168722463-168722464: internal log region (offset 167784448-234893311)
  168722975-168722976: internal log region (offset 167784448-234893311)
  168723487-168723488: internal log region (offset 167784448-234893311)
  168723999-168724000: internal log region (offset 167784448-234893311)
  168724511-168724512: internal log region (offset 167784448-234893311)
  168725023-168725024: internal log region (offset 167784448-234893311)
  168725535-168725536: internal log region (offset 167784448-234893311)
  168726047-168726048: internal log region (offset 167784448-234893311)
  168726559-168726560: internal log region (offset 167784448-234893311)
  168727071-168727072: internal log region (offset 167784448-234893311)
  168727583-168727584: internal log region (offset 167784448-234893311)
  168728095-168728096: internal log region (offset 167784448-234893311)
  168728607-168728608: internal log region (offset 167784448-234893311)
  168729119-168729120: internal log region (offset 167784448-234893311)
  168729631-168729632: internal log region (offset 167784448-234893311)
  168730143-168730144: internal log region (offset 167784448-234893311)
  168730655-168730656: internal log region (offset 167784448-234893311)
  168731167-168731168: internal log region (offset 167784448-234893311)
  168731679-168731680: internal log region (offset 167784448-234893311)
  168732191-168732192: internal log region (offset 167784448-234893311)
  168732703-168732704: internal log region (offset 167784448-234893311)
  168733215-168733216: internal log region (offset 167784448-234893311)
  168733727-168733728: internal log region (offset 167784448-234893311)
  168734239-168734240: internal log region (offset 167784448-234893311)
  168734751-168734752: internal log region (offset 167784448-234893311)
  168735263-168735264: internal log region (offset 167784448-234893311)
  168735775-168735776: internal log region (offset 167784448-234893311)
  168736287-168736288: internal log region (offset 167784448-234893311)
  168736799-168736800: internal log region (offset 167784448-234893311)
  168737311-168737312: internal log region (offset 167784448-234893311)
  168737823-168737824: internal log region (offset 167784448-234893311)
  168738335-168738336: internal log region (offset 167784448-234893311)
  168738847-168738848: internal log region (offset 167784448-234893311)
  168739359-168739360: internal log region (offset 167784448-234893311)
  168739871-168739872: internal log region (offset 167784448-234893311)
  168740383-168740384: internal log region (offset 167784448-234893311)
  168740895-168740896: internal log region (offset 167784448-234893311)
  168741407-168741408: internal log region (offset 167784448-234893311)
  168741919-168741920: internal log region (offset 167784448-234893311)
  168742431-168742432: internal log region (offset 167784448-234893311)
  168742943-168742944: internal log region (offset 167784448-234893311)
  168743455-168743456: internal log region (offset 167784448-234893311)
  168743967-168743968: internal log region (offset 167784448-234893311)
  168744479-168744480: internal log region (offset 167784448-234893311)
  168744991-168744992: internal log region (offset 167784448-234893311)
  168745503-168745504: internal log region (offset 167784448-234893311)
  168746015-168746016: internal log region (offset 167784448-234893311)
  168746527-168746528: internal log region (offset 167784448-234893311)
  168747039-168747040: internal log region (offset 167784448-234893311)
  168747551-168747552: internal log region (offset 167784448-234893311)
  168748063-168748064: internal log region (offset 167784448-234893311)
  168748575-168748576: internal log region (offset 167784448-234893311)
  168749087-168749088: internal log region (offset 167784448-234893311)
  168749599-168749600: internal log region (offset 167784448-234893311)
  168750111-168750112: internal log region (offset 167784448-234893311)
  168750623-168750624: internal log region (offset 167784448-234893311)
  168751135-168751136: internal log region (offset 167784448-234893311)
  168751647-168751648: internal log region (offset 167784448-234893311)
  168752159-168752160: internal log region (offset 167784448-234893311)
  168752671-168752672: internal log region (offset 167784448-234893311)
  168753183-168753184: internal log region (offset 167784448-234893311)
  168753695-168753696: internal log region (offset 167784448-234893311)
  168754207-168754208: internal log region (offset 167784448-234893311)
  168754719-168754720: internal log region (offset 167784448-234893311)
  168755231-168755232: internal log region (offset 167784448-234893311)
  168755743-168755744: internal log region (offset 167784448-234893311)
  168756255-168756256: internal log region (offset 167784448-234893311)
  168756767-168756768: internal log region (offset 167784448-234893311)
  168757279-168757280: internal log region (offset 167784448-234893311)
  168757791-168757792: internal log region (offset 167784448-234893311)
  168758303-168758304: internal log region (offset 167784448-234893311)
  168758815-168758816: internal log region (offset 167784448-234893311)
  168759327-168759328: internal log region (offset 167784448-234893311)
  168759839-168759840: internal log region (offset 167784448-234893311)
  168760351-168760352: internal log region (offset 167784448-234893311)
  168760863-168760864: internal log region (offset 167784448-234893311)
  168761375-168761376: internal log region (offset 167784448-234893311)
  168761887-168761888: internal log region (offset 167784448-234893311)
  168762399-168762400: internal log region (offset 167784448-234893311)
  168762911-168762912: internal log region (offset 167784448-234893311)
  168763423-168763424: internal log region (offset 167784448-234893311)
  168763935-168763936: internal log region (offset 167784448-234893311)
  168764447-168764448: internal log region (offset 167784448-234893311)
  168764959-168764960: internal log region (offset 167784448-234893311)
  168765471-168765472: internal log region (offset 167784448-234893311)
  168765983-168765984: internal log region (offset 167784448-234893311)
  168766495-168766496: internal log region (offset 167784448-234893311)
  168767007-168767008: internal log region (offset 167784448-234893311)
  168767519-168767520: internal log region (offset 167784448-234893311)
  168768031-168768032: internal log region (offset 167784448-234893311)
  168768543-168768544: internal log region (offset 167784448-234893311)
  168769055-168769056: internal log region (offset 167784448-234893311)
  168769567-168769568: internal log region (offset 167784448-234893311)
  168770079-168770080: internal log region (offset 167784448-234893311)
  168770591-168770592: internal log region (offset 167784448-234893311)
  168771103-168771104: internal log region (offset 167784448-234893311)
  168771615-168771616: internal log region (offset 167784448-234893311)
  168772127-168772128: internal log region (offset 167784448-234893311)
  168772639-168772640: internal log region (offset 167784448-234893311)
  168773151-168773152: internal log region (offset 167784448-234893311)
  168773663-168773664: internal log region (offset 167784448-234893311)
  168774175-168774176: internal log region (offset 167784448-234893311)
  168774687-168774688: internal log region (offset 167784448-234893311)
  168775199-168775200: internal log region (offset 167784448-234893311)
  168775711-168775712: internal log region (offset 167784448-234893311)
  168776223-168776224: internal log region (offset 167784448-234893311)
  168776735-168776736: internal log region (offset 167784448-234893311)
  168777247-168777248: internal log region (offset 167784448-234893311)
  168777759-168777760: internal log region (offset 167784448-234893311)
  168778271-168778272: internal log region (offset 167784448-234893311)
  168778783-168778784: internal log region (offset 167784448-234893311)
  168779295-168779296: internal log region (offset 167784448-234893311)
  168779807-168779808: internal log region (offset 167784448-234893311)
  168780319-168780320: internal log region (offset 167784448-234893311)
  168780831-168780832: internal log region (offset 167784448-234893311)
  168781343-168781344: internal log region (offset 167784448-234893311)
  168781855-168781856: internal log region (offset 167784448-234893311)
  168782367-168782368: internal log region (offset 167784448-234893311)
  168782879-168782880: internal log region (offset 167784448-234893311)
  168783391-168783392: internal log region (offset 167784448-234893311)
  168783903-168783904: internal log region (offset 167784448-234893311)
  168784415-168784416: internal log region (offset 167784448-234893311)
  168784927-168784928: internal log region (offset 167784448-234893311)
  168785439-168785440: internal log region (offset 167784448-234893311)
  168785951-168785952: internal log region (offset 167784448-234893311)
  168786463-168786464: internal log region (offset 167784448-234893311)
  168786975-168786976: internal log region (offset 167784448-234893311)
  168787487-168787488: internal log region (offset 167784448-234893311)
  168787999-168788000: internal log region (offset 167784448-234893311)
  168788511-168788512: internal log region (offset 167784448-234893311)
  168789023-168789024: internal log region (offset 167784448-234893311)
  168789535-168789536: internal log region (offset 167784448-234893311)
  168790047-168790048: internal log region (offset 167784448-234893311)
  168790559-168790560: internal log region (offset 167784448-234893311)
  168791071-168791072: internal log region (offset 167784448-234893311)
  168791583-168791584: internal log region (offset 167784448-234893311)
  168792095-168792096: internal log region (offset 167784448-234893311)
  168792607-168792608: internal log region (offset 167784448-234893311)
  168793119-168793120: internal log region (offset 167784448-234893311)
  168793631-168793632: internal log region (offset 167784448-234893311)
  168794143-168794144: internal log region (offset 167784448-234893311)
  168794655-168794656: internal log region (offset 167784448-234893311)
  168795167-168795168: internal log region (offset 167784448-234893311)
  168795679-168795680: internal log region (offset 167784448-234893311)
  168796191-168796192: internal log region (offset 167784448-234893311)
  168796703-168796704: internal log region (offset 167784448-234893311)
  168797215-168797216: internal log region (offset 167784448-234893311)
  168797727-168797728: internal log region (offset 167784448-234893311)
  168798239-168798240: internal log region (offset 167784448-234893311)
  168798751-168798752: internal log region (offset 167784448-234893311)
  168799263-168799264: internal log region (offset 167784448-234893311)
  168799775-168799776: internal log region (offset 167784448-234893311)
  168800287-168800288: internal log region (offset 167784448-234893311)
  168800799-168800800: internal log region (offset 167784448-234893311)
  168801311-168801312: internal log region (offset 167784448-234893311)
  168801823-168801824: internal log region (offset 167784448-234893311)
  168802335-168802336: internal log region (offset 167784448-234893311)
  168802847-168802848: internal log region (offset 167784448-234893311)
  168803359-168803360: internal log region (offset 167784448-234893311)
  168803871-168803872: internal log region (offset 167784448-234893311)
  168804383-168804384: internal log region (offset 167784448-234893311)
  168804895-168804896: internal log region (offset 167784448-234893311)
  168805407-168805408: internal log region (offset 167784448-234893311)
  168805919-168805920: internal log region (offset 167784448-234893311)
  168806431-168806432: internal log region (offset 167784448-234893311)
  168806943-168806944: internal log region (offset 167784448-234893311)
  168807455-168807456: internal log region (offset 167784448-234893311)
  168807967-168807968: internal log region (offset 167784448-234893311)
  168808479-168808480: internal log region (offset 167784448-234893311)
  168808991-168808992: internal log region (offset 167784448-234893311)
  168809503-168809504: internal log region (offset 167784448-234893311)
  168810015-168810016: internal log region (offset 167784448-234893311)
  168810527-168810528: internal log region (offset 167784448-234893311)
  168811039-168811040: internal log region (offset 167784448-234893311)
  168811551-168811552: internal log region (offset 167784448-234893311)
  168812063-168812064: internal log region (offset 167784448-234893311)
  168812575-168812576: internal log region (offset 167784448-234893311)
  168813087-168813088: internal log region (offset 167784448-234893311)
  168813599-168813600: internal log region (offset 167784448-234893311)
  168814111-168814112: internal log region (offset 167784448-234893311)
  168814623-168814624: internal log region (offset 167784448-234893311)
  168815135-168815136: internal log region (offset 167784448-234893311)
  168815647-168815648: internal log region (offset 167784448-234893311)
  168816159-168816160: internal log region (offset 167784448-234893311)
  168816671-168816672: internal log region (offset 167784448-234893311)
  168817183-168817184: internal log region (offset 167784448-234893311)
  168817695-168817696: internal log region (offset 167784448-234893311)
  168818207-168818208: internal log region (offset 167784448-234893311)
  168818719-168818720: internal log region (offset 167784448-234893311)
  168819231-168819232: internal log region (offset 167784448-234893311)
  168819743-168819744: internal log region (offset 167784448-234893311)
  168820255-168820256: internal log region (offset 167784448-234893311)
  168820767-168820768: internal log region (offset 167784448-234893311)
  168821279-168821280: internal log region (offset 167784448-234893311)
  168821791-168821792: internal log region (offset 167784448-234893311)
  168822303-168822304: internal log region (offset 167784448-234893311)
  168822815-168822816: internal log region (offset 167784448-234893311)
  168823327-168823328: internal log region (offset 167784448-234893311)
  168823839-168823840: internal log region (offset 167784448-234893311)
  168824351-168824352: internal log region (offset 167784448-234893311)
  168824863-168824864: internal log region (offset 167784448-234893311)
  168825375-168825376: internal log region (offset 167784448-234893311)
  168825887-168825888: internal log region (offset 167784448-234893311)
  168826399-168826400: internal log region (offset 167784448-234893311)
  168826911-168826912: internal log region (offset 167784448-234893311)
  168827423-168827424: internal log region (offset 167784448-234893311)
  168827935-168827936: internal log region (offset 167784448-234893311)
  168828447-168828448: internal log region (offset 167784448-234893311)
  168828959-168828960: internal log region (offset 167784448-234893311)
  168829471-168829472: internal log region (offset 167784448-234893311)
  168829983-168829984: internal log region (offset 167784448-234893311)
  168830495-168830496: internal log region (offset 167784448-234893311)
  168831007-168831008: internal log region (offset 167784448-234893311)
  168831519-168831520: internal log region (offset 167784448-234893311)
  168832031-168832032: internal log region (offset 167784448-234893311)
  168832543-168832544: internal log region (offset 167784448-234893311)
  168833055-168833056: internal log region (offset 167784448-234893311)
  168833567-168833568: internal log region (offset 167784448-234893311)
  168834079-168834080: internal log region (offset 167784448-234893311)
  168834591-168834592: internal log region (offset 167784448-234893311)
  168835103-168835104: internal log region (offset 167784448-234893311)
  168835615-168835616: internal log region (offset 167784448-234893311)
  168836127-168836128: internal log region (offset 167784448-234893311)
  168836639-168836640: internal log region (offset 167784448-234893311)
  168837151-168837152: internal log region (offset 167784448-234893311)
  168837663-168837664: internal log region (offset 167784448-234893311)
  168838175-168838176: internal log region (offset 167784448-234893311)
  168838687-168838688: internal log region (offset 167784448-234893311)
  168839199-168839200: internal log region (offset 167784448-234893311)
  168839711-168839712: internal log region (offset 167784448-234893311)
  168840223-168840224: internal log region (offset 167784448-234893311)
  168840735-168840736: internal log region (offset 167784448-234893311)
  168841247-168841248: internal log region (offset 167784448-234893311)
  168841759-168841760: internal log region (offset 167784448-234893311)
  168842271-168842272: internal log region (offset 167784448-234893311)
  168842783-168842784: internal log region (offset 167784448-234893311)
  168843295-168843296: internal log region (offset 167784448-234893311)
  168843807-168843808: internal log region (offset 167784448-234893311)
  168844319-168844320: internal log region (offset 167784448-234893311)
  168844831-168844832: internal log region (offset 167784448-234893311)
  168845343-168845344: internal log region (offset 167784448-234893311)
  168845855-168845856: internal log region (offset 167784448-234893311)
  168846367-168846368: internal log region (offset 167784448-234893311)
  168846879-168846880: internal log region (offset 167784448-234893311)
  168847391-168847392: internal log region (offset 167784448-234893311)
  168847903-168847904: internal log region (offset 167784448-234893311)
  168848415-168848416: internal log region (offset 167784448-234893311)
  168848927-168848928: internal log region (offset 167784448-234893311)
  168849439-168849440: internal log region (offset 167784448-234893311)
  168849951-168849952: internal log region (offset 167784448-234893311)
  168850463-168850464: internal log region (offset 167784448-234893311)
  168850975-168850976: internal log region (offset 167784448-234893311)
  168851487-168851488: internal log region (offset 167784448-234893311)
  168851999-168852000: internal log region (offset 167784448-234893311)
  168852511-168852512: internal log region (offset 167784448-234893311)
  168853023-168853024: internal log region (offset 167784448-234893311)
  168853535-168853536: internal log region (offset 167784448-234893311)
  168854047-168854048: internal log region (offset 167784448-234893311)
  168854559-168854560: internal log region (offset 167784448-234893311)
  168855071-168855072: internal log region (offset 167784448-234893311)
  168855583-168855584: internal log region (offset 167784448-234893311)
  168856095-168856096: internal log region (offset 167784448-234893311)
  168856607-168856608: internal log region (offset 167784448-234893311)
  168857119-168857120: internal log region (offset 167784448-234893311)
  168857631-168857632: internal log region (offset 167784448-234893311)
  168858143-168858144: internal log region (offset 167784448-234893311)
  168858655-168858656: internal log region (offset 167784448-234893311)
  168859167-168859168: internal log region (offset 167784448-234893311)
  168859679-168859680: internal log region (offset 167784448-234893311)
  168860191-168860192: internal log region (offset 167784448-234893311)
  168860703-168860704: internal log region (offset 167784448-234893311)
  168861215-168861216: internal log region (offset 167784448-234893311)
  168861727-168861728: internal log region (offset 167784448-234893311)
  168862239-168862240: internal log region (offset 167784448-234893311)
  168862751-168862752: internal log region (offset 167784448-234893311)
  168863263-168863264: internal log region (offset 167784448-234893311)
  168863775-168863776: internal log region (offset 167784448-234893311)
  168864287-168864288: internal log region (offset 167784448-234893311)
  168864799-168864800: internal log region (offset 167784448-234893311)
  168865311-168865312: internal log region (offset 167784448-234893311)
  168865823-168865824: internal log region (offset 167784448-234893311)
  168866335-168866336: internal log region (offset 167784448-234893311)
  168866847-168866848: internal log region (offset 167784448-234893311)
  168867359-168867360: internal log region (offset 167784448-234893311)
  168867871-168867872: internal log region (offset 167784448-234893311)
  168868383-168868384: internal log region (offset 167784448-234893311)
  168868895-168868896: internal log region (offset 167784448-234893311)
  168869407-168869408: internal log region (offset 167784448-234893311)
  168869919-168869920: internal log region (offset 167784448-234893311)
  168870431-168870432: internal log region (offset 167784448-234893311)
  168870943-168870944: internal log region (offset 167784448-234893311)
  168871455-168871456: internal log region (offset 167784448-234893311)
  168871967-168871968: internal log region (offset 167784448-234893311)
  168872479-168872480: internal log region (offset 167784448-234893311)
  168872991-168872992: internal log region (offset 167784448-234893311)
  168873503-168873504: internal log region (offset 167784448-234893311)
  168874015-168874016: internal log region (offset 167784448-234893311)
  168874527-168874528: internal log region (offset 167784448-234893311)
  168875039-168875040: internal log region (offset 167784448-234893311)
  168875551-168875552: internal log region (offset 167784448-234893311)
  168876063-168876064: internal log region (offset 167784448-234893311)
  168876575-168876576: internal log region (offset 167784448-234893311)
  168877087-168877088: internal log region (offset 167784448-234893311)
  168877599-168877600: internal log region (offset 167784448-234893311)
  168878111-168878112: internal log region (offset 167784448-234893311)
  168878623-168878624: internal log region (offset 167784448-234893311)
  168879135-168879136: internal log region (offset 167784448-234893311)
  168879647-168879648: internal log region (offset 167784448-234893311)
  168880159-168880160: internal log region (offset 167784448-234893311)
  168880671-168880672: internal log region (offset 167784448-234893311)
  168881183-168881184: internal log region (offset 167784448-234893311)
  168881695-168881696: internal log region (offset 167784448-234893311)
  168882207-168882208: internal log region (offset 167784448-234893311)
  168882719-168882720: internal log region (offset 167784448-234893311)
  168883231-168883232: internal log region (offset 167784448-234893311)
  168883743-168883744: internal log region (offset 167784448-234893311)
  168884255-168884256: internal log region (offset 167784448-234893311)
  168884767-168884768: internal log region (offset 167784448-234893311)
  168885279-168885280: internal log region (offset 167784448-234893311)
  168885791-168885792: internal log region (offset 167784448-234893311)
  168886303-168886304: internal log region (offset 167784448-234893311)
  168886815-168886816: internal log region (offset 167784448-234893311)
  168887327-168887328: internal log region (offset 167784448-234893311)
  168887839-168887840: internal log region (offset 167784448-234893311)
  168888351-168888352: internal log region (offset 167784448-234893311)
  168888863-168888864: internal log region (offset 167784448-234893311)
  168889375-168889376: internal log region (offset 167784448-234893311)
  168889887-168889888: internal log region (offset 167784448-234893311)
  168890399-168890400: internal log region (offset 167784448-234893311)
  168890911-168890912: internal log region (offset 167784448-234893311)
  168891423-168891424: internal log region (offset 167784448-234893311)
  168891935-168891936: internal log region (offset 167784448-234893311)
  168892447-168892448: internal log region (offset 167784448-234893311)
  168892959-168892960: internal log region (offset 167784448-234893311)
  168893471-168893472: internal log region (offset 167784448-234893311)
  168893983-168893984: internal log region (offset 167784448-234893311)
  168894495-168894496: internal log region (offset 167784448-234893311)
  168895007-168895008: internal log region (offset 167784448-234893311)
  168895519-168895520: internal log region (offset 167784448-234893311)
  168896031-168896032: internal log region (offset 167784448-234893311)
  168896543-168896544: internal log region (offset 167784448-234893311)
  168897055-168897056: internal log region (offset 167784448-234893311)
  168897567-168897568: internal log region (offset 167784448-234893311)
  168898079-168898080: internal log region (offset 167784448-234893311)
  168898591-168898592: internal log region (offset 167784448-234893311)
  168899103-168899104: internal log region (offset 167784448-234893311)
  168899615-168899616: internal log region (offset 167784448-234893311)
  168900127-168900128: internal log region (offset 167784448-234893311)
  168900639-168900640: internal log region (offset 167784448-234893311)
  168901151-168901152: internal log region (offset 167784448-234893311)
  168901663-168901664: internal log region (offset 167784448-234893311)
  168902175-168902176: internal log region (offset 167784448-234893311)
  168902687-168902688: internal log region (offset 167784448-234893311)
  168903199-168903200: internal log region (offset 167784448-234893311)
  168903711-168903712: internal log region (offset 167784448-234893311)
  168904223-168904224: internal log region (offset 167784448-234893311)
  168904735-168904736: internal log region (offset 167784448-234893311)
  168905247-168905248: internal log region (offset 167784448-234893311)
  168905759-168905760: internal log region (offset 167784448-234893311)
  168906271-168906272: internal log region (offset 167784448-234893311)
  168906783-168906784: internal log region (offset 167784448-234893311)
  168907295-168907296: internal log region (offset 167784448-234893311)
  168907807-168907808: internal log region (offset 167784448-234893311)
  168908319-168908320: internal log region (offset 167784448-234893311)
  168908831-168908832: internal log region (offset 167784448-234893311)
  168909343-168909344: internal log region (offset 167784448-234893311)
  168909855-168909856: internal log region (offset 167784448-234893311)
  168910367-168910368: internal log region (offset 167784448-234893311)
  168910879-168910880: internal log region (offset 167784448-234893311)
  168911391-168911392: internal log region (offset 167784448-234893311)
  168911903-168911904: internal log region (offset 167784448-234893311)
  168912415-168912416: internal log region (offset 167784448-234893311)
  168912927-168912928: internal log region (offset 167784448-234893311)
  168913439-168913440: internal log region (offset 167784448-234893311)
  168913951-168913952: internal log region (offset 167784448-234893311)
  168914463-168914464: internal log region (offset 167784448-234893311)
  168914975-168914976: internal log region (offset 167784448-234893311)
  168915487-168915488: internal log region (offset 167784448-234893311)
  168915999-168916000: internal log region (offset 167784448-234893311)
  168916511-168916512: internal log region (offset 167784448-234893311)
  168917023-168917024: internal log region (offset 167784448-234893311)
  168917535-168917536: internal log region (offset 167784448-234893311)
  168918047-168918048: internal log region (offset 167784448-234893311)
  168918559-168918560: internal log region (offset 167784448-234893311)
  168919071-168919072: internal log region (offset 167784448-234893311)
  168919583-168919584: internal log region (offset 167784448-234893311)
  168920095-168920096: internal log region (offset 167784448-234893311)
  168920607-168920608: internal log region (offset 167784448-234893311)
  168921119-168921120: internal log region (offset 167784448-234893311)
  168921631-168921632: internal log region (offset 167784448-234893311)
  168922143-168922144: internal log region (offset 167784448-234893311)
  168922655-168922656: internal log region (offset 167784448-234893311)
  168923167-168923168: internal log region (offset 167784448-234893311)
  168923679-168923680: internal log region (offset 167784448-234893311)
  168924191-168924192: internal log region (offset 167784448-234893311)
  168924703-168924704: internal log region (offset 167784448-234893311)
  168925215-168925216: internal log region (offset 167784448-234893311)
  168925727-168925728: internal log region (offset 167784448-234893311)
  168926239-168926240: internal log region (offset 167784448-234893311)
  168926751-168926752: internal log region (offset 167784448-234893311)
  168927263-168927264: internal log region (offset 167784448-234893311)
  168927775-168927776: internal log region (offset 167784448-234893311)
  168928287-168928288: internal log region (offset 167784448-234893311)
  168928799-168928800: internal log region (offset 167784448-234893311)
  168929311-168929312: internal log region (offset 167784448-234893311)
  168929823-168929824: internal log region (offset 167784448-234893311)
  168930335-168930336: internal log region (offset 167784448-234893311)
  168930847-168930848: internal log region (offset 167784448-234893311)
  168931359-168931360: internal log region (offset 167784448-234893311)
  168931871-168931872: internal log region (offset 167784448-234893311)
  168932383-168932384: internal log region (offset 167784448-234893311)
  168932895-168932896: internal log region (offset 167784448-234893311)
  168933407-168933408: internal log region (offset 167784448-234893311)
  168933919-168933920: internal log region (offset 167784448-234893311)
  168934431-168934432: internal log region (offset 167784448-234893311)
  168934943-168934944: internal log region (offset 167784448-234893311)
  168935455-168935456: internal log region (offset 167784448-234893311)
  168935967-168935968: internal log region (offset 167784448-234893311)
  168936479-168936480: internal log region (offset 167784448-234893311)
  168936991-168936992: internal log region (offset 167784448-234893311)
  168937503-168937504: internal log region (offset 167784448-234893311)
  168938015-168938016: internal log region (offset 167784448-234893311)
  168938527-168938528: internal log region (offset 167784448-234893311)
  168939039-168939040: internal log region (offset 167784448-234893311)
  168939551-168939552: internal log region (offset 167784448-234893311)
  168940063-168940064: internal log region (offset 167784448-234893311)
  168940575-168940576: internal log region (offset 167784448-234893311)
  168941087-168941088: internal log region (offset 167784448-234893311)
  168941599-168941600: internal log region (offset 167784448-234893311)
  168942111-168942112: internal log region (offset 167784448-234893311)
  168942623-168942624: internal log region (offset 167784448-234893311)
  168943135-168943136: internal log region (offset 167784448-234893311)
  168943647-168943648: internal log region (offset 167784448-234893311)
  168944159-168944160: internal log region (offset 167784448-234893311)
  168944671-168944672: internal log region (offset 167784448-234893311)
  168945183-168945184: internal log region (offset 167784448-234893311)
  168945695-168945696: internal log region (offset 167784448-234893311)
  168946207-168946208: internal log region (offset 167784448-234893311)
  168946719-168946720: internal log region (offset 167784448-234893311)
  168947231-168947232: internal log region (offset 167784448-234893311)
  168947743-168947744: internal log region (offset 167784448-234893311)
  168948255-168948256: internal log region (offset 167784448-234893311)
  168948767-168948768: internal log region (offset 167784448-234893311)
  168949279-168949280: internal log region (offset 167784448-234893311)
  168949791-168949792: internal log region (offset 167784448-234893311)
  168950303-168950304: internal log region (offset 167784448-234893311)
  168950815-168950816: internal log region (offset 167784448-234893311)
  168951327-168951328: internal log region (offset 167784448-234893311)
  168951839-168951840: internal log region (offset 167784448-234893311)
  168952351-168952352: internal log region (offset 167784448-234893311)
  168952863-168952864: internal log region (offset 167784448-234893311)
  168953375-168953376: internal log region (offset 167784448-234893311)
  168953887-168953888: internal log region (offset 167784448-234893311)
  168954399-168954400: internal log region (offset 167784448-234893311)
  168954911-168954912: internal log region (offset 167784448-234893311)
  168955423-168955424: internal log region (offset 167784448-234893311)
  168955935-168955936: internal log region (offset 167784448-234893311)
  168956447-168956448: internal log region (offset 167784448-234893311)
  168956959-168956960: internal log region (offset 167784448-234893311)
  168957471-168957472: internal log region (offset 167784448-234893311)
  168957983-168957984: internal log region (offset 167784448-234893311)
  168958495-168958496: internal log region (offset 167784448-234893311)
  168959007-168959008: internal log region (offset 167784448-234893311)
  168959519-168959520: internal log region (offset 167784448-234893311)
  168960031-168960032: internal log region (offset 167784448-234893311)
  168960543-168960544: internal log region (offset 167784448-234893311)
  168961055-168961056: internal log region (offset 167784448-234893311)
  168961567-168961568: internal log region (offset 167784448-234893311)
  168962079-168962080: internal log region (offset 167784448-234893311)
  168962591-168962592: internal log region (offset 167784448-234893311)
  168963103-168963104: internal log region (offset 167784448-234893311)
  168963615-168963616: internal log region (offset 167784448-234893311)
  168964127-168964128: internal log region (offset 167784448-234893311)
  168964639-168964640: internal log region (offset 167784448-234893311)
  168965151-168965152: internal log region (offset 167784448-234893311)
  168965663-168965664: internal log region (offset 167784448-234893311)
  168966175-168966176: internal log region (offset 167784448-234893311)
  168966687-168966688: internal log region (offset 167784448-234893311)
  168967199-168967200: internal log region (offset 167784448-234893311)
  168967711-168967712: internal log region (offset 167784448-234893311)
  168968223-168968224: internal log region (offset 167784448-234893311)
  168968735-168968736: internal log region (offset 167784448-234893311)
  168969247-168969248: internal log region (offset 167784448-234893311)
  168969759-168969760: internal log region (offset 167784448-234893311)
  168970271-168970272: internal log region (offset 167784448-234893311)
  168970783-168970784: internal log region (offset 167784448-234893311)
  168971295-168971296: internal log region (offset 167784448-234893311)
  168971807-168971808: internal log region (offset 167784448-234893311)
  168972319-168972320: internal log region (offset 167784448-234893311)
  168972831-168972832: internal log region (offset 167784448-234893311)
  168973343-168973344: internal log region (offset 167784448-234893311)
  168973855-168973856: internal log region (offset 167784448-234893311)
  168974367-168974368: internal log region (offset 167784448-234893311)
  168974879-168974880: internal log region (offset 167784448-234893311)
  168975391-168975392: internal log region (offset 167784448-234893311)
  168975903-168975904: internal log region (offset 167784448-234893311)
  168976415-168976416: internal log region (offset 167784448-234893311)
  168976927-168976928: internal log region (offset 167784448-234893311)
  168977439-168977440: internal log region (offset 167784448-234893311)
  168977951-168977952: internal log region (offset 167784448-234893311)
  168978463-168978464: internal log region (offset 167784448-234893311)
  168978975-168978976: internal log region (offset 167784448-234893311)
  168979487-168979488: internal log region (offset 167784448-234893311)
  168979999-168980000: internal log region (offset 167784448-234893311)
  168980511-168980512: internal log region (offset 167784448-234893311)
  168981023-168981024: internal log region (offset 167784448-234893311)
  168981535-168981536: internal log region (offset 167784448-234893311)
  168982047-168982048: internal log region (offset 167784448-234893311)
  168982559-168982560: internal log region (offset 167784448-234893311)
  168983071-168983072: internal log region (offset 167784448-234893311)
  168983583-168983584: internal log region (offset 167784448-234893311)
  168984095-168984096: internal log region (offset 167784448-234893311)
  168984607-168984608: internal log region (offset 167784448-234893311)
  168985119-168985120: internal log region (offset 167784448-234893311)
  168985631-168985632: internal log region (offset 167784448-234893311)
  168986143-168986144: internal log region (offset 167784448-234893311)
  168986655-168986656: internal log region (offset 167784448-234893311)
  168987167-168987168: internal log region (offset 167784448-234893311)
  168987679-168987680: internal log region (offset 167784448-234893311)
  168988191-168988192: internal log region (offset 167784448-234893311)
  168988703-168988704: internal log region (offset 167784448-234893311)
  168989215-168989216: internal log region (offset 167784448-234893311)
  168989727-168989728: internal log region (offset 167784448-234893311)
  168990239-168990240: internal log region (offset 167784448-234893311)
  168990751-168990752: internal log region (offset 167784448-234893311)
  168991263-168991264: internal log region (offset 167784448-234893311)
  168991775-168991776: internal log region (offset 167784448-234893311)
  168992287-168992288: internal log region (offset 167784448-234893311)
  168992799-168992800: internal log region (offset 167784448-234893311)
  168993311-168993312: internal log region (offset 167784448-234893311)
  168993823-168993824: internal log region (offset 167784448-234893311)
  168994335-168994336: internal log region (offset 167784448-234893311)
  168994847-168994848: internal log region (offset 167784448-234893311)
  168995359-168995360: internal log region (offset 167784448-234893311)
  168995871-168995872: internal log region (offset 167784448-234893311)
  168996383-168996384: internal log region (offset 167784448-234893311)
  168996895-168996896: internal log region (offset 167784448-234893311)
  168997407-168997408: internal log region (offset 167784448-234893311)
  168997919-168997920: internal log region (offset 167784448-234893311)
  168998431-168998432: internal log region (offset 167784448-234893311)
  168998943-168998944: internal log region (offset 167784448-234893311)
  168999455-168999456: internal log region (offset 167784448-234893311)
  168999967-168999968: internal log region (offset 167784448-234893311)
  169000479-169000480: internal log region (offset 167784448-234893311)
  169000991-169000992: internal log region (offset 167784448-234893311)
  169001503-169001504: internal log region (offset 167784448-234893311)
  169002015-169002016: internal log region (offset 167784448-234893311)
  169002527-169002528: internal log region (offset 167784448-234893311)
  169003039-169003040: internal log region (offset 167784448-234893311)
  169003551-169003552: internal log region (offset 167784448-234893311)
  169004063-169004064: internal log region (offset 167784448-234893311)
  169004575-169004576: internal log region (offset 167784448-234893311)
  169005087-169005088: internal log region (offset 167784448-234893311)
  169005599-169005600: internal log region (offset 167784448-234893311)
  169006111-169006112: internal log region (offset 167784448-234893311)
  169006623-169006624: internal log region (offset 167784448-234893311)
  169007135-169007136: internal log region (offset 167784448-234893311)
  169007647-169007648: internal log region (offset 167784448-234893311)
  169008159-169008160: internal log region (offset 167784448-234893311)
  169008671-169008672: internal log region (offset 167784448-234893311)
  169009183-169009184: internal log region (offset 167784448-234893311)
  169009695-169009696: internal log region (offset 167784448-234893311)
  169010207-169010208: internal log region (offset 167784448-234893311)
  169010719-169010720: internal log region (offset 167784448-234893311)
  169011231-169011232: internal log region (offset 167784448-234893311)
  169011743-169011744: internal log region (offset 167784448-234893311)
  169012255-169012256: internal log region (offset 167784448-234893311)
  169012767-169012768: internal log region (offset 167784448-234893311)
  169013279-169013280: internal log region (offset 167784448-234893311)
  169013791-169013792: internal log region (offset 167784448-234893311)
  169014303-169014304: internal log region (offset 167784448-234893311)
  169014815-169014816: internal log region (offset 167784448-234893311)
  169015327-169015328: internal log region (offset 167784448-234893311)
  169015839-169015840: internal log region (offset 167784448-234893311)
  169016351-169016352: internal log region (offset 167784448-234893311)
  169016863-169016864: internal log region (offset 167784448-234893311)
  169017375-169017376: internal log region (offset 167784448-234893311)
  169017887-169017888: internal log region (offset 167784448-234893311)
  169018399-169018400: internal log region (offset 167784448-234893311)
  169018911-169018912: internal log region (offset 167784448-234893311)
  169019423-169019424: internal log region (offset 167784448-234893311)
  169019935-169019936: internal log region (offset 167784448-234893311)
  169020447-169020448: internal log region (offset 167784448-234893311)
  169020959-169020960: internal log region (offset 167784448-234893311)
  169021471-169021472: internal log region (offset 167784448-234893311)
  169021983-169021984: internal log region (offset 167784448-234893311)
  169022495-169022496: internal log region (offset 167784448-234893311)
  169023007-169023008: internal log region (offset 167784448-234893311)
  169023519-169023520: internal log region (offset 167784448-234893311)
  169024031-169024032: internal log region (offset 167784448-234893311)
  169024543-169024544: internal log region (offset 167784448-234893311)
  169025055-169025056: internal log region (offset 167784448-234893311)
  169025567-169025568: internal log region (offset 167784448-234893311)
  169026079-169026080: internal log region (offset 167784448-234893311)
  169026591-169026592: internal log region (offset 167784448-234893311)
  169027103-169027104: internal log region (offset 167784448-234893311)
  169027615-169027616: internal log region (offset 167784448-234893311)
  169028127-169028128: internal log region (offset 167784448-234893311)
  169028639-169028640: internal log region (offset 167784448-234893311)
  169029151-169029152: internal log region (offset 167784448-234893311)
  169029663-169029664: internal log region (offset 167784448-234893311)
  169030175-169030176: internal log region (offset 167784448-234893311)
  169030687-169030688: internal log region (offset 167784448-234893311)
  169031199-169031200: internal log region (offset 167784448-234893311)
  169031711-169031712: internal log region (offset 167784448-234893311)
  169032223-169032224: internal log region (offset 167784448-234893311)
  169032735-169032736: internal log region (offset 167784448-234893311)
  169033247-169033248: internal log region (offset 167784448-234893311)
  169033759-169033760: internal log region (offset 167784448-234893311)
  169034271-169034272: internal log region (offset 167784448-234893311)
  169034783-169034784: internal log region (offset 167784448-234893311)
  169035295-169035296: internal log region (offset 167784448-234893311)
  169035807-169035808: internal log region (offset 167784448-234893311)
  169036319-169036320: internal log region (offset 167784448-234893311)
  169036831-169036832: internal log region (offset 167784448-234893311)
  169037343-169037344: internal log region (offset 167784448-234893311)
  169037855-169037856: internal log region (offset 167784448-234893311)
  169038367-169038368: internal log region (offset 167784448-234893311)
  169038879-169038880: internal log region (offset 167784448-234893311)
  169039391-169039392: internal log region (offset 167784448-234893311)
  169039903-169039904: internal log region (offset 167784448-234893311)
  169040415-169040416: internal log region (offset 167784448-234893311)
  169040927-169040928: internal log region (offset 167784448-234893311)
  169041439-169041440: internal log region (offset 167784448-234893311)
  169041951-169041952: internal log region (offset 167784448-234893311)
  169042463-169042464: internal log region (offset 167784448-234893311)
  169042975-169042976: internal log region (offset 167784448-234893311)
  169043487-169043488: internal log region (offset 167784448-234893311)
  169043999-169044000: internal log region (offset 167784448-234893311)
  169044511-169044512: internal log region (offset 167784448-234893311)
  169045023-169045024: internal log region (offset 167784448-234893311)
  169045535-169045536: internal log region (offset 167784448-234893311)
  169046047-169046048: internal log region (offset 167784448-234893311)
  169046559-169046560: internal log region (offset 167784448-234893311)
  169047071-169047072: internal log region (offset 167784448-234893311)
  169047583-169047584: internal log region (offset 167784448-234893311)
  169048095-169048096: internal log region (offset 167784448-234893311)
  169048607-169048608: internal log region (offset 167784448-234893311)
  169049119-169049120: internal log region (offset 167784448-234893311)
  169049631-169049632: internal log region (offset 167784448-234893311)
  169050143-169050144: internal log region (offset 167784448-234893311)
  169050655-169050656: internal log region (offset 167784448-234893311)
  169051167-169051168: internal log region (offset 167784448-234893311)
  169051679-169051680: internal log region (offset 167784448-234893311)
  169052191-169052192: internal log region (offset 167784448-234893311)
  169052703-169052704: internal log region (offset 167784448-234893311)
  169053215-169053216: internal log region (offset 167784448-234893311)
  169053727-169053728: internal log region (offset 167784448-234893311)
  169054239-169054240: internal log region (offset 167784448-234893311)
  169054751-169054752: internal log region (offset 167784448-234893311)
  169055263-169055264: internal log region (offset 167784448-234893311)
  169055775-169055776: internal log region (offset 167784448-234893311)
  169056287-169056288: internal log region (offset 167784448-234893311)
  169056799-169056800: internal log region (offset 167784448-234893311)
  169057311-169057312: internal log region (offset 167784448-234893311)
  169057823-169057824: internal log region (offset 167784448-234893311)
  169058335-169058336: internal log region (offset 167784448-234893311)
  169058847-169058848: internal log region (offset 167784448-234893311)
  169059359-169059360: internal log region (offset 167784448-234893311)
  169059871-169059872: internal log region (offset 167784448-234893311)
  169060383-169060384: internal log region (offset 167784448-234893311)
  169060895-169060896: internal log region (offset 167784448-234893311)
  169061407-169061408: internal log region (offset 167784448-234893311)
  169061919-169061920: internal log region (offset 167784448-234893311)
  169062431-169062432: internal log region (offset 167784448-234893311)
  169062943-169062944: internal log region (offset 167784448-234893311)
  169063455-169063456: internal log region (offset 167784448-234893311)
  169063967-169063968: internal log region (offset 167784448-234893311)
  169064479-169064480: internal log region (offset 167784448-234893311)
  169064991-169064992: internal log region (offset 167784448-234893311)
  169065503-169065504: internal log region (offset 167784448-234893311)
  169066015-169066016: internal log region (offset 167784448-234893311)
  169066527-169066528: internal log region (offset 167784448-234893311)
  169067039-169067040: internal log region (offset 167784448-234893311)
  169067551-169067552: internal log region (offset 167784448-234893311)
  169068063-169068064: internal log region (offset 167784448-234893311)
  169068575-169068576: internal log region (offset 167784448-234893311)
  169069087-169069088: internal log region (offset 167784448-234893311)
  169069599-169069600: internal log region (offset 167784448-234893311)
  169070111-169070112: internal log region (offset 167784448-234893311)
  169070623-169070624: internal log region (offset 167784448-234893311)
  169071135-169071136: internal log region (offset 167784448-234893311)
  169071647-169071648: internal log region (offset 167784448-234893311)
  169072159-169072160: internal log region (offset 167784448-234893311)
  169072671-169072672: internal log region (offset 167784448-234893311)
  169073183-169073184: internal log region (offset 167784448-234893311)
  169073695-169073696: internal log region (offset 167784448-234893311)
  169074207-169074208: internal log region (offset 167784448-234893311)
  169074719-169074720: internal log region (offset 167784448-234893311)
  169075231-169075232: internal log region (offset 167784448-234893311)
  169075743-169075744: internal log region (offset 167784448-234893311)
  169076255-169076256: internal log region (offset 167784448-234893311)
  169076767-169076768: internal log region (offset 167784448-234893311)
  169077279-169077280: internal log region (offset 167784448-234893311)
  169077791-169077792: internal log region (offset 167784448-234893311)
  169078303-169078304: internal log region (offset 167784448-234893311)
  169078815-169078816: internal log region (offset 167784448-234893311)
  169079327-169079328: internal log region (offset 167784448-234893311)
  169079839-169079840: internal log region (offset 167784448-234893311)
  169080351-169080352: internal log region (offset 167784448-234893311)
  169080863-169080864: internal log region (offset 167784448-234893311)
  169081375-169081376: internal log region (offset 167784448-234893311)
  169081887-169081888: internal log region (offset 167784448-234893311)
  169082399-169082400: internal log region (offset 167784448-234893311)
  169082911-169082912: internal log region (offset 167784448-234893311)
  169083423-169083424: internal log region (offset 167784448-234893311)
  169083935-169083936: internal log region (offset 167784448-234893311)
  169084447-169084448: internal log region (offset 167784448-234893311)
  169084959-169084960: internal log region (offset 167784448-234893311)
  169085471-169085472: internal log region (offset 167784448-234893311)
  169085983-169085984: internal log region (offset 167784448-234893311)
  169086495-169086496: internal log region (offset 167784448-234893311)
  169087007-169087008: internal log region (offset 167784448-234893311)
  169087519-169087520: internal log region (offset 167784448-234893311)
  169088031-169088032: internal log region (offset 167784448-234893311)
  169088543-169088544: internal log region (offset 167784448-234893311)
  169089055-169089056: internal log region (offset 167784448-234893311)
  169089567-169089568: internal log region (offset 167784448-234893311)
  169090079-169090080: internal log region (offset 167784448-234893311)
  169090591-169090592: internal log region (offset 167784448-234893311)
  169091103-169091104: internal log region (offset 167784448-234893311)
  169091615-169091616: internal log region (offset 167784448-234893311)
  169092127-169092128: internal log region (offset 167784448-234893311)
  169092639-169092640: internal log region (offset 167784448-234893311)
  169093151-169093152: internal log region (offset 167784448-234893311)
  169093663-169093664: internal log region (offset 167784448-234893311)
  169094175-169094176: internal log region (offset 167784448-234893311)
  169094687-169094688: internal log region (offset 167784448-234893311)
  169095199-169095200: internal log region (offset 167784448-234893311)
  169095711-169095712: internal log region (offset 167784448-234893311)
  169096223-169096224: internal log region (offset 167784448-234893311)
  169096735-169096736: internal log region (offset 167784448-234893311)
  169097247-169097248: internal log region (offset 167784448-234893311)
  169097759-169097760: internal log region (offset 167784448-234893311)
  169098271-169098272: internal log region (offset 167784448-234893311)
  169098783-169098784: internal log region (offset 167784448-234893311)
  169099295-169099296: internal log region (offset 167784448-234893311)
  169099807-169099808: internal log region (offset 167784448-234893311)
  169100319-169100320: internal log region (offset 167784448-234893311)
  169100831-169100832: internal log region (offset 167784448-234893311)
  169101343-169101344: internal log region (offset 167784448-234893311)
  169101855-169101856: internal log region (offset 167784448-234893311)
  169102367-169102368: internal log region (offset 167784448-234893311)
  169102879-169102880: internal log region (offset 167784448-234893311)
  169103391-169103392: internal log region (offset 167784448-234893311)
  169103903-169103904: internal log region (offset 167784448-234893311)
  169104415-169104416: internal log region (offset 167784448-234893311)
  169104927-169104928: internal log region (offset 167784448-234893311)
  169105439-169105440: internal log region (offset 167784448-234893311)
  169105951-169105952: internal log region (offset 167784448-234893311)
  169106463-169106464: internal log region (offset 167784448-234893311)
  169106975-169106976: internal log region (offset 167784448-234893311)
  169107487-169107488: internal log region (offset 167784448-234893311)
  169107999-169108000: internal log region (offset 167784448-234893311)
  169108511-169108512: internal log region (offset 167784448-234893311)
  169109023-169109024: internal log region (offset 167784448-234893311)
  169109535-169109536: internal log region (offset 167784448-234893311)
  169110047-169110048: internal log region (offset 167784448-234893311)
  169110559-169110560: internal log region (offset 167784448-234893311)
  169111071-169111072: internal log region (offset 167784448-234893311)
  169111583-169111584: internal log region (offset 167784448-234893311)
  169112095-169112096: internal log region (offset 167784448-234893311)
  169112607-169112608: internal log region (offset 167784448-234893311)
  169113119-169113120: internal log region (offset 167784448-234893311)
  169113631-169113632: internal log region (offset 167784448-234893311)
  169114143-169114144: internal log region (offset 167784448-234893311)
  169114655-169114656: internal log region (offset 167784448-234893311)
  169115167-169115168: internal log region (offset 167784448-234893311)
  169115679-169115680: internal log region (offset 167784448-234893311)
  169116191-169116192: internal log region (offset 167784448-234893311)
  169116703-169116704: internal log region (offset 167784448-234893311)
  169117215-169117216: internal log region (offset 167784448-234893311)
  169117727-169117728: internal log region (offset 167784448-234893311)
  169118239-169118240: internal log region (offset 167784448-234893311)
  169118751-169118752: internal log region (offset 167784448-234893311)
  169119263-169119264: internal log region (offset 167784448-234893311)
  169119775-169119776: internal log region (offset 167784448-234893311)
  169120287-169120288: internal log region (offset 167784448-234893311)
  169120799-169120800: internal log region (offset 167784448-234893311)
  169121311-169121312: internal log region (offset 167784448-234893311)
  169121823-169121824: internal log region (offset 167784448-234893311)
  169122335-169122336: internal log region (offset 167784448-234893311)
  169122847-169122848: internal log region (offset 167784448-234893311)
  169123359-169123360: internal log region (offset 167784448-234893311)
  169123871-169123872: internal log region (offset 167784448-234893311)
  169124383-169124384: internal log region (offset 167784448-234893311)
  169124895-169124896: internal log region (offset 167784448-234893311)
  169125407-169125408: internal log region (offset 167784448-234893311)
  169125919-169125920: internal log region (offset 167784448-234893311)
  169126431-169126432: internal log region (offset 167784448-234893311)
  169126943-169126944: internal log region (offset 167784448-234893311)
  169127455-169127456: internal log region (offset 167784448-234893311)
  169127967-169127968: internal log region (offset 167784448-234893311)
  169128479-169128480: internal log region (offset 167784448-234893311)
  169128991-169128992: internal log region (offset 167784448-234893311)
  169129503-169129504: internal log region (offset 167784448-234893311)
  169130015-169130016: internal log region (offset 167784448-234893311)
  169130527-169130528: internal log region (offset 167784448-234893311)
  169131039-169131040: internal log region (offset 167784448-234893311)
  169131551-169131552: internal log region (offset 167784448-234893311)
  169132063-169132064: internal log region (offset 167784448-234893311)
  169132575-169132576: internal log region (offset 167784448-234893311)
  169133087-169133088: internal log region (offset 167784448-234893311)
  169133599-169133600: internal log region (offset 167784448-234893311)
  169134111-169134112: internal log region (offset 167784448-234893311)
  169134623-169134624: internal log region (offset 167784448-234893311)
  169135135-169135136: internal log region (offset 167784448-234893311)
  169135647-169135648: internal log region (offset 167784448-234893311)
  169136159-169136160: internal log region (offset 167784448-234893311)
  169136671-169136672: internal log region (offset 167784448-234893311)
  169137183-169137184: internal log region (offset 167784448-234893311)
  169137695-169137696: internal log region (offset 167784448-234893311)
  169138207-169138208: internal log region (offset 167784448-234893311)
  169138719-169138720: internal log region (offset 167784448-234893311)
  169139231-169139232: internal log region (offset 167784448-234893311)
  169139743-169139744: internal log region (offset 167784448-234893311)
  169140255-169140256: internal log region (offset 167784448-234893311)
  169140767-169140768: internal log region (offset 167784448-234893311)
  169141279-169141280: internal log region (offset 167784448-234893311)
  169141791-169141792: internal log region (offset 167784448-234893311)
  169142303-169142304: internal log region (offset 167784448-234893311)
  169142815-169142816: internal log region (offset 167784448-234893311)
  169143327-169143328: internal log region (offset 167784448-234893311)
  169143839-169143840: internal log region (offset 167784448-234893311)
  169144351-169144352: internal log region (offset 167784448-234893311)
  169144863-169144864: internal log region (offset 167784448-234893311)
  169145375-169145376: internal log region (offset 167784448-234893311)
  169145887-169145888: internal log region (offset 167784448-234893311)
  169146399-169146400: internal log region (offset 167784448-234893311)
  169146911-169146912: internal log region (offset 167784448-234893311)
  169147423-169147424: internal log region (offset 167784448-234893311)
  169147935-169147936: internal log region (offset 167784448-234893311)
  169148447-169148448: internal log region (offset 167784448-234893311)
  169148959-169148960: internal log region (offset 167784448-234893311)
  169149471-169149472: internal log region (offset 167784448-234893311)
  169149983-169149984: internal log region (offset 167784448-234893311)
  169150495-169150496: internal log region (offset 167784448-234893311)
  169151007-169151008: internal log region (offset 167784448-234893311)
  169151519-169151520: internal log region (offset 167784448-234893311)
  169152031-169152032: internal log region (offset 167784448-234893311)
  169152543-169152544: internal log region (offset 167784448-234893311)
  169153055-169153056: internal log region (offset 167784448-234893311)
  169153567-169153568: internal log region (offset 167784448-234893311)
  169154079-169154080: internal log region (offset 167784448-234893311)
  169154591-169154592: internal log region (offset 167784448-234893311)
  169155103-169155104: internal log region (offset 167784448-234893311)
  169155615-169155616: internal log region (offset 167784448-234893311)
  169156127-169156128: internal log region (offset 167784448-234893311)
  169156639-169156640: internal log region (offset 167784448-234893311)
  169157151-169157152: internal log region (offset 167784448-234893311)
  169157663-169157664: internal log region (offset 167784448-234893311)
  169158175-169158176: internal log region (offset 167784448-234893311)
  169158687-169158688: internal log region (offset 167784448-234893311)
  169159199-169159200: internal log region (offset 167784448-234893311)
  169159711-169159712: internal log region (offset 167784448-234893311)
  169160223-169160224: internal log region (offset 167784448-234893311)
  169160735-169160736: internal log region (offset 167784448-234893311)
  169161247-169161248: internal log region (offset 167784448-234893311)
  169161759-169161760: internal log region (offset 167784448-234893311)
  169162271-169162272: internal log region (offset 167784448-234893311)
  169162783-169162784: internal log region (offset 167784448-234893311)
  169163295-169163296: internal log region (offset 167784448-234893311)
  169163807-169163808: internal log region (offset 167784448-234893311)
  169164319-169164320: internal log region (offset 167784448-234893311)
  169164831-169164832: internal log region (offset 167784448-234893311)
  169165343-169165344: internal log region (offset 167784448-234893311)
  169165855-169165856: internal log region (offset 167784448-234893311)
  169166367-169166368: internal log region (offset 167784448-234893311)
  169166879-169166880: internal log region (offset 167784448-234893311)
  169167391-169167392: internal log region (offset 167784448-234893311)
  169167903-169167904: internal log region (offset 167784448-234893311)
  169168415-169168416: internal log region (offset 167784448-234893311)
  169168927-169168928: internal log region (offset 167784448-234893311)
  169169439-169169440: internal log region (offset 167784448-234893311)
  169169951-169169952: internal log region (offset 167784448-234893311)
  169170463-169170464: internal log region (offset 167784448-234893311)
  169170975-169170976: internal log region (offset 167784448-234893311)
  169171487-169171488: internal log region (offset 167784448-234893311)
  169171999-169172000: internal log region (offset 167784448-234893311)
  169172511-169172512: internal log region (offset 167784448-234893311)
  169173023-169173024: internal log region (offset 167784448-234893311)
  169173535-169173536: internal log region (offset 167784448-234893311)
  169174047-169174048: internal log region (offset 167784448-234893311)
  169174559-169174560: internal log region (offset 167784448-234893311)
  169175071-169175072: internal log region (offset 167784448-234893311)
  169175583-169175584: internal log region (offset 167784448-234893311)
  169176095-169176096: internal log region (offset 167784448-234893311)
  169176607-169176608: internal log region (offset 167784448-234893311)
  169177119-169177120: internal log region (offset 167784448-234893311)
  169177631-169177632: internal log region (offset 167784448-234893311)
  169178143-169178144: internal log region (offset 167784448-234893311)
  169178655-169178656: internal log region (offset 167784448-234893311)
  169179167-169179168: internal log region (offset 167784448-234893311)
  169179679-169179680: internal log region (offset 167784448-234893311)
  169180191-169180192: internal log region (offset 167784448-234893311)
  169180703-169180704: internal log region (offset 167784448-234893311)
  169181215-169181216: internal log region (offset 167784448-234893311)
  169181727-169181728: internal log region (offset 167784448-234893311)
  169182239-169182240: internal log region (offset 167784448-234893311)
  169182751-169182752: internal log region (offset 167784448-234893311)
  169183263-169183264: internal log region (offset 167784448-234893311)
  169183775-169183776: internal log region (offset 167784448-234893311)
  169184287-169184288: internal log region (offset 167784448-234893311)
  169184799-169184800: internal log region (offset 167784448-234893311)
  169185311-169185312: internal log region (offset 167784448-234893311)
  169185823-169185824: internal log region (offset 167784448-234893311)
  169186335-169186336: internal log region (offset 167784448-234893311)
  169186847-169186848: internal log region (offset 167784448-234893311)
  169187359-169187360: internal log region (offset 167784448-234893311)
  169187871-169187872: internal log region (offset 167784448-234893311)
  169188383-169188384: internal log region (offset 167784448-234893311)
  169188895-169188896: internal log region (offset 167784448-234893311)
  169189407-169189408: internal log region (offset 167784448-234893311)
  169189919-169189920: internal log region (offset 167784448-234893311)
  169190431-169190432: internal log region (offset 167784448-234893311)
  169190943-169190944: internal log region (offset 167784448-234893311)
  169191455-169191456: internal log region (offset 167784448-234893311)
  169191967-169191968: internal log region (offset 167784448-234893311)
  169192479-169192480: internal log region (offset 167784448-234893311)
  169192991-169192992: internal log region (offset 167784448-234893311)
  169193503-169193504: internal log region (offset 167784448-234893311)
  169194015-169194016: internal log region (offset 167784448-234893311)
  169194527-169194528: internal log region (offset 167784448-234893311)
  169195039-169195040: internal log region (offset 167784448-234893311)
  169195551-169195552: internal log region (offset 167784448-234893311)
  169196063-169196064: internal log region (offset 167784448-234893311)
  169196575-169196576: internal log region (offset 167784448-234893311)
  169197087-169197088: internal log region (offset 167784448-234893311)
  169197599-169197600: internal log region (offset 167784448-234893311)
  169198111-169198112: internal log region (offset 167784448-234893311)
  169198623-169198624: internal log region (offset 167784448-234893311)
  169199135-169199136: internal log region (offset 167784448-234893311)
  169199647-169199648: internal log region (offset 167784448-234893311)
  169200159-169200160: internal log region (offset 167784448-234893311)
  169200671-169200672: internal log region (offset 167784448-234893311)
  169201183-169201184: internal log region (offset 167784448-234893311)
  169201695-169201696: internal log region (offset 167784448-234893311)
  169202207-169202208: internal log region (offset 167784448-234893311)
  169202719-169202720: internal log region (offset 167784448-234893311)
  169203231-169203232: internal log region (offset 167784448-234893311)
  169203743-169203744: internal log region (offset 167784448-234893311)
  169204255-169204256: internal log region (offset 167784448-234893311)
  169204767-169204768: internal log region (offset 167784448-234893311)
  169205279-169205280: internal log region (offset 167784448-234893311)
  169205791-169205792: internal log region (offset 167784448-234893311)
  169206303-169206304: internal log region (offset 167784448-234893311)
  169206815-169206816: internal log region (offset 167784448-234893311)
  169207327-169207328: internal log region (offset 167784448-234893311)
  169207839-169207840: internal log region (offset 167784448-234893311)
  169208351-169208352: internal log region (offset 167784448-234893311)
  169208863-169208864: internal log region (offset 167784448-234893311)
  169209375-169209376: internal log region (offset 167784448-234893311)
  169209887-169209888: internal log region (offset 167784448-234893311)
  169210399-169210400: internal log region (offset 167784448-234893311)
  169210911-169210912: internal log region (offset 167784448-234893311)
  169211423-169211424: internal log region (offset 167784448-234893311)
  169211935-169211936: internal log region (offset 167784448-234893311)
  169212447-169212448: internal log region (offset 167784448-234893311)
  169212959-169212960: internal log region (offset 167784448-234893311)
  169213471-169213472: internal log region (offset 167784448-234893311)
  169213983-169213984: internal log region (offset 167784448-234893311)
  169214495-169214496: internal log region (offset 167784448-234893311)
  169215007-169215008: internal log region (offset 167784448-234893311)
  169215519-169215520: internal log region (offset 167784448-234893311)
  169216031-169216032: internal log region (offset 167784448-234893311)
  169216543-169216544: internal log region (offset 167784448-234893311)
  169217055-169217056: internal log region (offset 167784448-234893311)
  169217567-169217568: internal log region (offset 167784448-234893311)
  169218079-169218080: internal log region (offset 167784448-234893311)
  169218591-169218592: internal log region (offset 167784448-234893311)
  169219103-169219104: internal log region (offset 167784448-234893311)
  169219615-169219616: internal log region (offset 167784448-234893311)
  169220127-169220128: internal log region (offset 167784448-234893311)
  169220639-169220640: internal log region (offset 167784448-234893311)
  169221151-169221152: internal log region (offset 167784448-234893311)
  169221663-169221664: internal log region (offset 167784448-234893311)
  169222175-169222176: internal log region (offset 167784448-234893311)
  169222687-169222688: internal log region (offset 167784448-234893311)
  169223199-169223200: internal log region (offset 167784448-234893311)
  169223711-169223712: internal log region (offset 167784448-234893311)
  169224223-169224224: internal log region (offset 167784448-234893311)
  169224735-169224736: internal log region (offset 167784448-234893311)
  169225247-169225248: internal log region (offset 167784448-234893311)
  169225759-169225760: internal log region (offset 167784448-234893311)
  169226271-169226272: internal log region (offset 167784448-234893311)
  169226783-169226784: internal log region (offset 167784448-234893311)
  169227295-169227296: internal log region (offset 167784448-234893311)
  169227807-169227808: internal log region (offset 167784448-234893311)
  169228319-169228320: internal log region (offset 167784448-234893311)
  169228831-169228832: internal log region (offset 167784448-234893311)
  169229343-169229344: internal log region (offset 167784448-234893311)
  169229855-169229856: internal log region (offset 167784448-234893311)
  169230367-169230368: internal log region (offset 167784448-234893311)
  169230879-169230880: internal log region (offset 167784448-234893311)
  169231391-169231392: internal log region (offset 167784448-234893311)
  169231903-169231904: internal log region (offset 167784448-234893311)
  169232415-169232416: internal log region (offset 167784448-234893311)
  169232927-169232928: internal log region (offset 167784448-234893311)
  169233439-169233440: internal log region (offset 167784448-234893311)
  169233951-169233952: internal log region (offset 167784448-234893311)
  169234463-169234464: internal log region (offset 167784448-234893311)
  169234975-169234976: internal log region (offset 167784448-234893311)
  169235487-169235488: internal log region (offset 167784448-234893311)
  169235999-169236000: internal log region (offset 167784448-234893311)
  169236511-169236512: internal log region (offset 167784448-234893311)
  169237023-169237024: internal log region (offset 167784448-234893311)
  169237535-169237536: internal log region (offset 167784448-234893311)
  169238047-169238048: internal log region (offset 167784448-234893311)
  169238559-169238560: internal log region (offset 167784448-234893311)
  169239071-169239072: internal log region (offset 167784448-234893311)
  169239583-169239584: internal log region (offset 167784448-234893311)
  169240095-169240096: internal log region (offset 167784448-234893311)
  169240607-169240608: internal log region (offset 167784448-234893311)
  169241119-169241120: internal log region (offset 167784448-234893311)
  169241631-169241632: internal log region (offset 167784448-234893311)
  169242143-169242144: internal log region (offset 167784448-234893311)
  169242655-169242656: internal log region (offset 167784448-234893311)
  169243167-169243168: internal log region (offset 167784448-234893311)
  169243679-169243680: internal log region (offset 167784448-234893311)
  169244191-169244192: internal log region (offset 167784448-234893311)
  169244703-169244704: internal log region (offset 167784448-234893311)
  169245215-169245216: internal log region (offset 167784448-234893311)
  169245727-169245728: internal log region (offset 167784448-234893311)
  169246239-169246240: internal log region (offset 167784448-234893311)
  169246751-169246752: internal log region (offset 167784448-234893311)
  169247263-169247264: internal log region (offset 167784448-234893311)
  169247775-169247776: internal log region (offset 167784448-234893311)
  169248287-169248288: internal log region (offset 167784448-234893311)
  169248799-169248800: internal log region (offset 167784448-234893311)
  169249311-169249312: internal log region (offset 167784448-234893311)
  169249823-169249824: internal log region (offset 167784448-234893311)
  169250335-169250336: internal log region (offset 167784448-234893311)
  169250847-169250848: internal log region (offset 167784448-234893311)
  169251359-169251360: internal log region (offset 167784448-234893311)
  169251871-169251872: internal log region (offset 167784448-234893311)
  169252383-169252384: internal log region (offset 167784448-234893311)
  169252895-169252896: internal log region (offset 167784448-234893311)
  169253407-169253408: internal log region (offset 167784448-234893311)
  169253919-169253920: internal log region (offset 167784448-234893311)
  169254431-169254432: internal log region (offset 167784448-234893311)
  169254943-169254944: internal log region (offset 167784448-234893311)
  169255455-169255456: internal log region (offset 167784448-234893311)
  169255967-169255968: internal log region (offset 167784448-234893311)
  169256479-169256480: internal log region (offset 167784448-234893311)
  169256991-169256992: internal log region (offset 167784448-234893311)
  169257503-169257504: internal log region (offset 167784448-234893311)
  169258015-169258016: internal log region (offset 167784448-234893311)
  169258527-169258528: internal log region (offset 167784448-234893311)
  169259039-169259040: internal log region (offset 167784448-234893311)
  169259551-169259552: internal log region (offset 167784448-234893311)
  169260063-169260064: internal log region (offset 167784448-234893311)
  169260575-169260576: internal log region (offset 167784448-234893311)
  169261087-169261088: internal log region (offset 167784448-234893311)
  169261599-169261600: internal log region (offset 167784448-234893311)
  169262111-169262112: internal log region (offset 167784448-234893311)
  169262623-169262624: internal log region (offset 167784448-234893311)
  169263135-169263136: internal log region (offset 167784448-234893311)
  169263647-169263648: internal log region (offset 167784448-234893311)
  169264159-169264160: internal log region (offset 167784448-234893311)
  169264671-169264672: internal log region (offset 167784448-234893311)
  169265183-169265184: internal log region (offset 167784448-234893311)
  169265695-169265696: internal log region (offset 167784448-234893311)
  169266207-169266208: internal log region (offset 167784448-234893311)
  169266719-169266720: internal log region (offset 167784448-234893311)
  169267231-169267232: internal log region (offset 167784448-234893311)
  169267743-169267744: internal log region (offset 167784448-234893311)
  169268255-169268256: internal log region (offset 167784448-234893311)
  169268767-169268768: internal log region (offset 167784448-234893311)
  169269279-169269280: internal log region (offset 167784448-234893311)
  169269791-169269792: internal log region (offset 167784448-234893311)
  169270303-169270304: internal log region (offset 167784448-234893311)
  169270815-169270816: internal log region (offset 167784448-234893311)
  169271327-169271328: internal log region (offset 167784448-234893311)
  169271839-169271840: internal log region (offset 167784448-234893311)
  169272351-169272352: internal log region (offset 167784448-234893311)
  169272863-169272864: internal log region (offset 167784448-234893311)
  169273375-169273376: internal log region (offset 167784448-234893311)
  169273887-169273888: internal log region (offset 167784448-234893311)
  169274399-169274400: internal log region (offset 167784448-234893311)
  169274911-169274912: internal log region (offset 167784448-234893311)
  169275423-169275424: internal log region (offset 167784448-234893311)
  169275935-169275936: internal log region (offset 167784448-234893311)
  169276447-169276448: internal log region (offset 167784448-234893311)
  169276959-169276960: internal log region (offset 167784448-234893311)
  169277471-169277472: internal log region (offset 167784448-234893311)
  169277983-169277984: internal log region (offset 167784448-234893311)
  169278495-169278496: internal log region (offset 167784448-234893311)
  169279007-169279008: internal log region (offset 167784448-234893311)
  169279519-169279520: internal log region (offset 167784448-234893311)
  169280031-169280032: internal log region (offset 167784448-234893311)
  169280543-169280544: internal log region (offset 167784448-234893311)
  169281055-169281056: internal log region (offset 167784448-234893311)
  169281567-169281568: internal log region (offset 167784448-234893311)
  169282079-169282080: internal log region (offset 167784448-234893311)
  169282591-169282592: internal log region (offset 167784448-234893311)
  169283103-169283104: internal log region (offset 167784448-234893311)
  169283615-169283616: internal log region (offset 167784448-234893311)
  169284127-169284128: internal log region (offset 167784448-234893311)
  169284639-169284640: internal log region (offset 167784448-234893311)
  169285151-169285152: internal log region (offset 167784448-234893311)
  169285663-169285664: internal log region (offset 167784448-234893311)
  169286175-169286176: internal log region (offset 167784448-234893311)
  169286687-169286688: internal log region (offset 167784448-234893311)
  169287199-169287200: internal log region (offset 167784448-234893311)
  169287711-169287712: internal log region (offset 167784448-234893311)
  169288223-169288224: internal log region (offset 167784448-234893311)
  169288735-169288736: internal log region (offset 167784448-234893311)
  169289247-169289248: internal log region (offset 167784448-234893311)
  169289759-169289760: internal log region (offset 167784448-234893311)
  169290271-169290272: internal log region (offset 167784448-234893311)
  169290783-169290784: internal log region (offset 167784448-234893311)
  169291295-169291296: internal log region (offset 167784448-234893311)
  169291807-169291808: internal log region (offset 167784448-234893311)
  169292319-169292320: internal log region (offset 167784448-234893311)
  169292831-169292832: internal log region (offset 167784448-234893311)
  169293343-169293344: internal log region (offset 167784448-234893311)
  169293855-169293856: internal log region (offset 167784448-234893311)
  169294367-169294368: internal log region (offset 167784448-234893311)
  169294879-169294880: internal log region (offset 167784448-234893311)
  169295391-169295392: internal log region (offset 167784448-234893311)
  169295903-169295904: internal log region (offset 167784448-234893311)
  169296415-169296416: internal log region (offset 167784448-234893311)
  169296927-169296928: internal log region (offset 167784448-234893311)
  169297439-169297440: internal log region (offset 167784448-234893311)
  169297951-169297952: internal log region (offset 167784448-234893311)
  169298463-169298464: internal log region (offset 167784448-234893311)
  169298975-169298976: internal log region (offset 167784448-234893311)
  169299487-169299488: internal log region (offset 167784448-234893311)
  169299999-169300000: internal log region (offset 167784448-234893311)
  169300511-169300512: internal log region (offset 167784448-234893311)
  169301023-169301024: internal log region (offset 167784448-234893311)
  169301535-169301536: internal log region (offset 167784448-234893311)
  169302047-169302048: internal log region (offset 167784448-234893311)
  169302559-169302560: internal log region (offset 167784448-234893311)
  169303071-169303072: internal log region (offset 167784448-234893311)
  169303583-169303584: internal log region (offset 167784448-234893311)
  169304095-169304096: internal log region (offset 167784448-234893311)
  169304607-169304608: internal log region (offset 167784448-234893311)
  169305119-169305120: internal log region (offset 167784448-234893311)
  169305631-169305632: internal log region (offset 167784448-234893311)
  169306143-169306144: internal log region (offset 167784448-234893311)
  169306655-169306656: internal log region (offset 167784448-234893311)
  169307167-169307168: internal log region (offset 167784448-234893311)
  169307679-169307680: internal log region (offset 167784448-234893311)
  169308191-169308192: internal log region (offset 167784448-234893311)
  169308703-169308704: internal log region (offset 167784448-234893311)
  169309215-169309216: internal log region (offset 167784448-234893311)
  169309727-169309728: internal log region (offset 167784448-234893311)
  169310239-169310240: internal log region (offset 167784448-234893311)
  169310751-169310752: internal log region (offset 167784448-234893311)
  169311263-169311264: internal log region (offset 167784448-234893311)
  169311775-169311776: internal log region (offset 167784448-234893311)
  169312287-169312288: internal log region (offset 167784448-234893311)
  169312799-169312800: internal log region (offset 167784448-234893311)
  169313311-169313312: internal log region (offset 167784448-234893311)
  169313823-169313824: internal log region (offset 167784448-234893311)
  169314335-169314336: internal log region (offset 167784448-234893311)
  169314847-169314848: internal log region (offset 167784448-234893311)
  169315359-169315360: internal log region (offset 167784448-234893311)
  169315871-169315872: internal log region (offset 167784448-234893311)
  169316383-169316384: internal log region (offset 167784448-234893311)
  169316895-169316896: internal log region (offset 167784448-234893311)
  169317407-169317408: internal log region (offset 167784448-234893311)
  169317919-169317920: internal log region (offset 167784448-234893311)
  169318431-169318432: internal log region (offset 167784448-234893311)
  169318943-169318944: internal log region (offset 167784448-234893311)
  169319455-169319456: internal log region (offset 167784448-234893311)
  169319967-169319968: internal log region (offset 167784448-234893311)
  169320479-169320480: internal log region (offset 167784448-234893311)
  169320991-169320992: internal log region (offset 167784448-234893311)
  169321503-169321504: internal log region (offset 167784448-234893311)
  169322015-169322016: internal log region (offset 167784448-234893311)
  169322527-169322528: internal log region (offset 167784448-234893311)
  169323039-169323040: internal log region (offset 167784448-234893311)
  169323551-169323552: internal log region (offset 167784448-234893311)
  169324063-169324064: internal log region (offset 167784448-234893311)
  169324575-169324576: internal log region (offset 167784448-234893311)
  169325087-169325088: internal log region (offset 167784448-234893311)
  169325599-169325600: internal log region (offset 167784448-234893311)
  169326111-169326112: internal log region (offset 167784448-234893311)
  169326623-169326624: internal log region (offset 167784448-234893311)
  169327135-169327136: internal log region (offset 167784448-234893311)
  169327647-169327648: internal log region (offset 167784448-234893311)
  169328159-169328160: internal log region (offset 167784448-234893311)
  169328671-169328672: internal log region (offset 167784448-234893311)
  169329183-169329184: internal log region (offset 167784448-234893311)
  169329695-169329696: internal log region (offset 167784448-234893311)
  169330207-169330208: internal log region (offset 167784448-234893311)
  169330719-169330720: internal log region (offset 167784448-234893311)
  169331231-169331232: internal log region (offset 167784448-234893311)
  169331743-169331744: internal log region (offset 167784448-234893311)
  169332255-169332256: internal log region (offset 167784448-234893311)
  169332767-169332768: internal log region (offset 167784448-234893311)
  169333279-169333280: internal log region (offset 167784448-234893311)
  169333791-169333792: internal log region (offset 167784448-234893311)
  169334303-169334304: internal log region (offset 167784448-234893311)
  169334815-169334816: internal log region (offset 167784448-234893311)
  169335327-169335328: internal log region (offset 167784448-234893311)
  169335839-169335840: internal log region (offset 167784448-234893311)
  169336351-169336352: internal log region (offset 167784448-234893311)
  169336863-169336864: internal log region (offset 167784448-234893311)
  169337375-169337376: internal log region (offset 167784448-234893311)
  169337887-169337888: internal log region (offset 167784448-234893311)
  169338399-169338400: internal log region (offset 167784448-234893311)
  169338911-169338912: internal log region (offset 167784448-234893311)
  169339423-169339424: internal log region (offset 167784448-234893311)
  169339935-169339936: internal log region (offset 167784448-234893311)
  169340447-169340448: internal log region (offset 167784448-234893311)
  169340959-169340960: internal log region (offset 167784448-234893311)
  169341471-169341472: internal log region (offset 167784448-234893311)
  169341983-169341984: internal log region (offset 167784448-234893311)
  169342495-169342496: internal log region (offset 167784448-234893311)
  169343007-169343008: internal log region (offset 167784448-234893311)
  169343519-169343520: internal log region (offset 167784448-234893311)
  169344031-169344032: internal log region (offset 167784448-234893311)
  169344543-169344544: internal log region (offset 167784448-234893311)
  169345055-169345056: internal log region (offset 167784448-234893311)
  169345567-169345568: internal log region (offset 167784448-234893311)
  169346079-169346080: internal log region (offset 167784448-234893311)
  169346591-169346592: internal log region (offset 167784448-234893311)
  169347103-169347104: internal log region (offset 167784448-234893311)
  169347615-169347616: internal log region (offset 167784448-234893311)
  169348127-169348128: internal log region (offset 167784448-234893311)
  169348639-169348640: internal log region (offset 167784448-234893311)
  169349151-169349152: internal log region (offset 167784448-234893311)
  169349663-169349664: internal log region (offset 167784448-234893311)
  169350175-169350176: internal log region (offset 167784448-234893311)
  169350687-169350688: internal log region (offset 167784448-234893311)
  169351199-169351200: internal log region (offset 167784448-234893311)
  169351711-169351712: internal log region (offset 167784448-234893311)
  169352223-169352224: internal log region (offset 167784448-234893311)
  169352735-169352736: internal log region (offset 167784448-234893311)
  169353247-169353248: internal log region (offset 167784448-234893311)
  169353759-169353760: internal log region (offset 167784448-234893311)
  169354271-169354272: internal log region (offset 167784448-234893311)
  169354783-169354784: internal log region (offset 167784448-234893311)
  169355295-169355296: internal log region (offset 167784448-234893311)
  169355807-169355808: internal log region (offset 167784448-234893311)
  169356319-169356320: internal log region (offset 167784448-234893311)
  169356831-169356832: internal log region (offset 167784448-234893311)
  169357343-169357344: internal log region (offset 167784448-234893311)
  169357855-169357856: internal log region (offset 167784448-234893311)
  169358367-169358368: internal log region (offset 167784448-234893311)
  169358879-169358880: internal log region (offset 167784448-234893311)
  169359391-169359392: internal log region (offset 167784448-234893311)
  169359903-169359904: internal log region (offset 167784448-234893311)
  169360415-169360416: internal log region (offset 167784448-234893311)
  169360927-169360928: internal log region (offset 167784448-234893311)
  169361439-169361440: internal log region (offset 167784448-234893311)
  169361951-169361952: internal log region (offset 167784448-234893311)
  169362463-169362464: internal log region (offset 167784448-234893311)
  169362975-169362976: internal log region (offset 167784448-234893311)
  169363487-169363488: internal log region (offset 167784448-234893311)
  169363999-169364000: internal log region (offset 167784448-234893311)
  169364511-169364512: internal log region (offset 167784448-234893311)
  169365023-169365024: internal log region (offset 167784448-234893311)
  169365535-169365536: internal log region (offset 167784448-234893311)
  169366047-169366048: internal log region (offset 167784448-234893311)
  169366559-169366560: internal log region (offset 167784448-234893311)
  169367071-169367072: internal log region (offset 167784448-234893311)
  169367583-169367584: internal log region (offset 167784448-234893311)
  169368095-169368096: internal log region (offset 167784448-234893311)
  169368607-169368608: internal log region (offset 167784448-234893311)
  169369119-169369120: internal log region (offset 167784448-234893311)
  169369631-169369632: internal log region (offset 167784448-234893311)
  169370143-169370144: internal log region (offset 167784448-234893311)
  169370655-169370656: internal log region (offset 167784448-234893311)
  169371167-169371168: internal log region (offset 167784448-234893311)
  169371679-169371680: internal log region (offset 167784448-234893311)
  169372191-169372192: internal log region (offset 167784448-234893311)
  169372703-169372704: internal log region (offset 167784448-234893311)
  169373215-169373216: internal log region (offset 167784448-234893311)
  169373727-169373728: internal log region (offset 167784448-234893311)
  169374239-169374240: internal log region (offset 167784448-234893311)
  169374751-169374752: internal log region (offset 167784448-234893311)
  169375263-169375264: internal log region (offset 167784448-234893311)
  169375775-169375776: internal log region (offset 167784448-234893311)
  169376287-169376288: internal log region (offset 167784448-234893311)
  169376799-169376800: internal log region (offset 167784448-234893311)
  169377311-169377312: internal log region (offset 167784448-234893311)
  169377823-169377824: internal log region (offset 167784448-234893311)
  169378335-169378336: internal log region (offset 167784448-234893311)
  169378847-169378848: internal log region (offset 167784448-234893311)
  169379359-169379360: internal log region (offset 167784448-234893311)
  169379871-169379872: internal log region (offset 167784448-234893311)
  169380383-169380384: internal log region (offset 167784448-234893311)
  169380895-169380896: internal log region (offset 167784448-234893311)
  169381407-169381408: internal log region (offset 167784448-234893311)
  169381919-169381920: internal log region (offset 167784448-234893311)
  169382431-169382432: internal log region (offset 167784448-234893311)
  169382943-169382944: internal log region (offset 167784448-234893311)
  169383455-169383456: internal log region (offset 167784448-234893311)
  169383967-169383968: internal log region (offset 167784448-234893311)
  169384479-169384480: internal log region (offset 167784448-234893311)
  169384991-169384992: internal log region (offset 167784448-234893311)
  169385503-169385504: internal log region (offset 167784448-234893311)
  169386015-169386016: internal log region (offset 167784448-234893311)
  169386527-169386528: internal log region (offset 167784448-234893311)
  169387039-169387040: internal log region (offset 167784448-234893311)
  169387551-169387552: internal log region (offset 167784448-234893311)
  169388063-169388064: internal log region (offset 167784448-234893311)
  169388575-169388576: internal log region (offset 167784448-234893311)
  169389087-169389088: internal log region (offset 167784448-234893311)
  169389599-169389600: internal log region (offset 167784448-234893311)
  169390111-169390112: internal log region (offset 167784448-234893311)
  169390623-169390624: internal log region (offset 167784448-234893311)
  169391135-169391136: internal log region (offset 167784448-234893311)
  169391647-169391648: internal log region (offset 167784448-234893311)
  169392159-169392160: internal log region (offset 167784448-234893311)
  169392671-169392672: internal log region (offset 167784448-234893311)
  169393183-169393184: internal log region (offset 167784448-234893311)
  169393695-169393696: internal log region (offset 167784448-234893311)
  169394207-169394208: internal log region (offset 167784448-234893311)
  169394719-169394720: internal log region (offset 167784448-234893311)
  169395231-169395232: internal log region (offset 167784448-234893311)
  169395743-169395744: internal log region (offset 167784448-234893311)
  169396255-169396256: internal log region (offset 167784448-234893311)
  169396767-169396768: internal log region (offset 167784448-234893311)
  169397279-169397280: internal log region (offset 167784448-234893311)
  169397791-169397792: internal log region (offset 167784448-234893311)
  169398303-169398304: internal log region (offset 167784448-234893311)
  169398815-169398816: internal log region (offset 167784448-234893311)
  169399327-169399328: internal log region (offset 167784448-234893311)
  169399839-169399840: internal log region (offset 167784448-234893311)
  169400351-169400352: internal log region (offset 167784448-234893311)
  169400863-169400864: internal log region (offset 167784448-234893311)
  169401375-169401376: internal log region (offset 167784448-234893311)
  169401887-169401888: internal log region (offset 167784448-234893311)
  169402399-169402400: internal log region (offset 167784448-234893311)
  169402911-169402912: internal log region (offset 167784448-234893311)
  169403423-169403424: internal log region (offset 167784448-234893311)
  169403935-169403936: internal log region (offset 167784448-234893311)
  169404447-169404448: internal log region (offset 167784448-234893311)
  169404959-169404960: internal log region (offset 167784448-234893311)
  169405471-169405472: internal log region (offset 167784448-234893311)
  169405983-169405984: internal log region (offset 167784448-234893311)
  169406495-169406496: internal log region (offset 167784448-234893311)
  169407007-169407008: internal log region (offset 167784448-234893311)
  169407519-169407520: internal log region (offset 167784448-234893311)
  169408031-169408032: internal log region (offset 167784448-234893311)
  169408543-169408544: internal log region (offset 167784448-234893311)
  169409055-169409056: internal log region (offset 167784448-234893311)
  169409567-169409568: internal log region (offset 167784448-234893311)
  169410079-169410080: internal log region (offset 167784448-234893311)
  169410591-169410592: internal log region (offset 167784448-234893311)
  169411103-169411104: internal log region (offset 167784448-234893311)
  169411615-169411616: internal log region (offset 167784448-234893311)
  169412127-169412128: internal log region (offset 167784448-234893311)
  169412639-169412640: internal log region (offset 167784448-234893311)
  169413151-169413152: internal log region (offset 167784448-234893311)
  169413663-169413664: internal log region (offset 167784448-234893311)
  169414175-169414176: internal log region (offset 167784448-234893311)
  169414687-169414688: internal log region (offset 167784448-234893311)
  169415199-169415200: internal log region (offset 167784448-234893311)
  169415711-169415712: internal log region (offset 167784448-234893311)
  169416223-169416224: internal log region (offset 167784448-234893311)
  169416735-169416736: internal log region (offset 167784448-234893311)
  169417247-169417248: internal log region (offset 167784448-234893311)
  169417759-169417760: internal log region (offset 167784448-234893311)
  169418271-169418272: internal log region (offset 167784448-234893311)
  169418783-169418784: internal log region (offset 167784448-234893311)
  169419295-169419296: internal log region (offset 167784448-234893311)
  169419807-169419808: internal log region (offset 167784448-234893311)
  169420319-169420320: internal log region (offset 167784448-234893311)
  169420831-169420832: internal log region (offset 167784448-234893311)
  169421343-169421344: internal log region (offset 167784448-234893311)
  169421855-169421856: internal log region (offset 167784448-234893311)
  169422367-169422368: internal log region (offset 167784448-234893311)
  169422879-169422880: internal log region (offset 167784448-234893311)
  169423391-169423392: internal log region (offset 167784448-234893311)
  169423903-169423904: internal log region (offset 167784448-234893311)
  169424415-169424416: internal log region (offset 167784448-234893311)
  169424927-169424928: internal log region (offset 167784448-234893311)
  169425439-169425440: internal log region (offset 167784448-234893311)
  169425951-169425952: internal log region (offset 167784448-234893311)
  169426463-169426464: internal log region (offset 167784448-234893311)
  169426975-169426976: internal log region (offset 167784448-234893311)
  169427487-169427488: internal log region (offset 167784448-234893311)
  169427999-169428000: internal log region (offset 167784448-234893311)
  169428511-169428512: internal log region (offset 167784448-234893311)
  169429023-169429024: internal log region (offset 167784448-234893311)
  169429535-169429536: internal log region (offset 167784448-234893311)
  169430047-169430048: internal log region (offset 167784448-234893311)
  169430559-169430560: internal log region (offset 167784448-234893311)
  169431071-169431072: internal log region (offset 167784448-234893311)
  169431583-169431584: internal log region (offset 167784448-234893311)
  169432095-169432096: internal log region (offset 167784448-234893311)
  169432607-169432608: internal log region (offset 167784448-234893311)
  169433119-169433120: internal log region (offset 167784448-234893311)
  169433631-169433632: internal log region (offset 167784448-234893311)
  169434143-169434144: internal log region (offset 167784448-234893311)
  169434655-169434656: internal log region (offset 167784448-234893311)
  169435167-169435168: internal log region (offset 167784448-234893311)
  169435679-169435680: internal log region (offset 167784448-234893311)
  169436191-169436192: internal log region (offset 167784448-234893311)
  169436703-169436704: internal log region (offset 167784448-234893311)
  169437215-169437216: internal log region (offset 167784448-234893311)
  169437727-169437728: internal log region (offset 167784448-234893311)
  169438239-169438240: internal log region (offset 167784448-234893311)
  169438751-169438752: internal log region (offset 167784448-234893311)
  169439263-169439264: internal log region (offset 167784448-234893311)
  169439775-169439776: internal log region (offset 167784448-234893311)
  169440287-169440288: internal log region (offset 167784448-234893311)
  169440799-169440800: internal log region (offset 167784448-234893311)
  169441311-169441312: internal log region (offset 167784448-234893311)
  169441823-169441824: internal log region (offset 167784448-234893311)
  169442335-169442336: internal log region (offset 167784448-234893311)
  169442847-169442848: internal log region (offset 167784448-234893311)
  169443359-169443360: internal log region (offset 167784448-234893311)
  169443871-169443872: internal log region (offset 167784448-234893311)
  169444383-169444384: internal log region (offset 167784448-234893311)
  169444895-169444896: internal log region (offset 167784448-234893311)
  169445407-169445408: internal log region (offset 167784448-234893311)
  169445919-169445920: internal log region (offset 167784448-234893311)
  169446431-169446432: internal log region (offset 167784448-234893311)
  169446943-169446944: internal log region (offset 167784448-234893311)
  169447455-169447456: internal log region (offset 167784448-234893311)
  169447967-169447968: internal log region (offset 167784448-234893311)
  169448479-169448480: internal log region (offset 167784448-234893311)
  169448991-169448992: internal log region (offset 167784448-234893311)
  169449503-169449504: internal log region (offset 167784448-234893311)
  169450015-169450016: internal log region (offset 167784448-234893311)
  169450527-169450528: internal log region (offset 167784448-234893311)
  169451039-169451040: internal log region (offset 167784448-234893311)
  169451551-169451552: internal log region (offset 167784448-234893311)
  169452063-169452064: internal log region (offset 167784448-234893311)
  169452575-169452576: internal log region (offset 167784448-234893311)
  169453087-169453088: internal log region (offset 167784448-234893311)
  169453599-169453600: internal log region (offset 167784448-234893311)
  169454111-169454112: internal log region (offset 167784448-234893311)
  169454623-169454624: internal log region (offset 167784448-234893311)
  169455135-169455136: internal log region (offset 167784448-234893311)
  169455647-169455648: internal log region (offset 167784448-234893311)
  169456159-169456160: internal log region (offset 167784448-234893311)
  169456671-169456672: internal log region (offset 167784448-234893311)
  169457183-169457184: internal log region (offset 167784448-234893311)
  169457695-169457696: internal log region (offset 167784448-234893311)
  169458207-169458208: internal log region (offset 167784448-234893311)
  169458719-169458720: internal log region (offset 167784448-234893311)
  169459231-169459232: internal log region (offset 167784448-234893311)
  169459743-169459744: internal log region (offset 167784448-234893311)
  169460255-169460256: internal log region (offset 167784448-234893311)
  169460767-169460768: internal log region (offset 167784448-234893311)
  169461279-169461280: internal log region (offset 167784448-234893311)
  169461791-169461792: internal log region (offset 167784448-234893311)
  169462303-169462304: internal log region (offset 167784448-234893311)
  169462815-169462816: internal log region (offset 167784448-234893311)
  169463327-169463328: internal log region (offset 167784448-234893311)
  169463839-169463840: internal log region (offset 167784448-234893311)
  169464351-169464352: internal log region (offset 167784448-234893311)
  169464863-169464864: internal log region (offset 167784448-234893311)
  169465375-169465376: internal log region (offset 167784448-234893311)
  169465887-169465888: internal log region (offset 167784448-234893311)
  169466399-169466400: internal log region (offset 167784448-234893311)
  169466911-169466912: internal log region (offset 167784448-234893311)
  169467423-169467424: internal log region (offset 167784448-234893311)
  169467935-169467936: internal log region (offset 167784448-234893311)
  169468447-169468448: internal log region (offset 167784448-234893311)
  169468959-169468960: internal log region (offset 167784448-234893311)
  169469471-169469472: internal log region (offset 167784448-234893311)
  169469983-169469984: internal log region (offset 167784448-234893311)
  169470495-169470496: internal log region (offset 167784448-234893311)
  169471007-169471008: internal log region (offset 167784448-234893311)
  169471519-169471520: internal log region (offset 167784448-234893311)
  169472031-169472032: internal log region (offset 167784448-234893311)
  169472543-169472544: internal log region (offset 167784448-234893311)
  169473055-169473056: internal log region (offset 167784448-234893311)
  169473567-169473568: internal log region (offset 167784448-234893311)
  169474079-169474080: internal log region (offset 167784448-234893311)
  169474591-169474592: internal log region (offset 167784448-234893311)
  169475103-169475104: internal log region (offset 167784448-234893311)
  169475615-169475616: internal log region (offset 167784448-234893311)
  169476127-169476128: internal log region (offset 167784448-234893311)
  169476639-169476640: internal log region (offset 167784448-234893311)
  169477151-169477152: internal log region (offset 167784448-234893311)
  169477663-169477664: internal log region (offset 167784448-234893311)
  169478175-169478176: internal log region (offset 167784448-234893311)
  169478687-169478688: internal log region (offset 167784448-234893311)
  169479199-169479200: internal log region (offset 167784448-234893311)
  169479711-169479712: internal log region (offset 167784448-234893311)
  169480223-169480224: internal log region (offset 167784448-234893311)
  169480735-169480736: internal log region (offset 167784448-234893311)
  169481247-169481248: internal log region (offset 167784448-234893311)
  169481759-169481760: internal log region (offset 167784448-234893311)
  169482271-169482272: internal log region (offset 167784448-234893311)
  169482783-169482784: internal log region (offset 167784448-234893311)
  169483295-169483296: internal log region (offset 167784448-234893311)
  169483807-169483808: internal log region (offset 167784448-234893311)
  169484319-169484320: internal log region (offset 167784448-234893311)
  169484831-169484832: internal log region (offset 167784448-234893311)
  169485343-169485344: internal log region (offset 167784448-234893311)
  169485855-169485856: internal log region (offset 167784448-234893311)
  169486367-169486368: internal log region (offset 167784448-234893311)
  169486879-169486880: internal log region (offset 167784448-234893311)
  169487391-169487392: internal log region (offset 167784448-234893311)
  169487903-169487904: internal log region (offset 167784448-234893311)
  169488415-169488416: internal log region (offset 167784448-234893311)
  169488927-169488928: internal log region (offset 167784448-234893311)
  169489439-169489440: internal log region (offset 167784448-234893311)
  169489951-169489952: internal log region (offset 167784448-234893311)
  169490463-169490464: internal log region (offset 167784448-234893311)
  169490975-169490976: internal log region (offset 167784448-234893311)
  169491487-169491488: internal log region (offset 167784448-234893311)
  169491999-169492000: internal log region (offset 167784448-234893311)
  169492511-169492512: internal log region (offset 167784448-234893311)
  169493023-169493024: internal log region (offset 167784448-234893311)
  169493535-169493536: internal log region (offset 167784448-234893311)
  169494047-169494048: internal log region (offset 167784448-234893311)
  169494559-169494560: internal log region (offset 167784448-234893311)
  169495071-169495072: internal log region (offset 167784448-234893311)
  169495583-169495584: internal log region (offset 167784448-234893311)
  169496095-169496096: internal log region (offset 167784448-234893311)
  169496607-169496608: internal log region (offset 167784448-234893311)
  169497119-169497120: internal log region (offset 167784448-234893311)
  169497631-169497632: internal log region (offset 167784448-234893311)
  169498143-169498144: internal log region (offset 167784448-234893311)
  169498655-169498656: internal log region (offset 167784448-234893311)
  169499167-169499168: internal log region (offset 167784448-234893311)
  169499679-169499680: internal log region (offset 167784448-234893311)
  169500191-169500192: internal log region (offset 167784448-234893311)
  169500703-169500704: internal log region (offset 167784448-234893311)
  169501215-169501216: internal log region (offset 167784448-234893311)
  169501727-169501728: internal log region (offset 167784448-234893311)
  169502239-169502240: internal log region (offset 167784448-234893311)
  169502751-169502752: internal log region (offset 167784448-234893311)
  169503263-169503264: internal log region (offset 167784448-234893311)
  169503775-169503776: internal log region (offset 167784448-234893311)
  169504287-169504288: internal log region (offset 167784448-234893311)
  169504799-169504800: internal log region (offset 167784448-234893311)
  169505311-169505312: internal log region (offset 167784448-234893311)
  169505823-169505824: internal log region (offset 167784448-234893311)
  169506335-169506336: internal log region (offset 167784448-234893311)
  169506847-169506848: internal log region (offset 167784448-234893311)
  169507359-169507360: internal log region (offset 167784448-234893311)
  169507871-169507872: internal log region (offset 167784448-234893311)
  169508383-169508384: internal log region (offset 167784448-234893311)
  169508895-169508896: internal log region (offset 167784448-234893311)
  169509407-169509408: internal log region (offset 167784448-234893311)
  169509919-169509920: internal log region (offset 167784448-234893311)
  169510431-169510432: internal log region (offset 167784448-234893311)
  169510943-169510944: internal log region (offset 167784448-234893311)
  169511455-169511456: internal log region (offset 167784448-234893311)
  169511967-169511968: internal log region (offset 167784448-234893311)
  169512479-169512480: internal log region (offset 167784448-234893311)
  169512991-169512992: internal log region (offset 167784448-234893311)
  169513503-169513504: internal log region (offset 167784448-234893311)
  169514015-169514016: internal log region (offset 167784448-234893311)
  169514527-169514528: internal log region (offset 167784448-234893311)
  169515039-169515040: internal log region (offset 167784448-234893311)
  169515551-169515552: internal log region (offset 167784448-234893311)
  169516063-169516064: internal log region (offset 167784448-234893311)
  169516575-169516576: internal log region (offset 167784448-234893311)
  169517087-169517088: internal log region (offset 167784448-234893311)
  169517599-169517600: internal log region (offset 167784448-234893311)
  169518111-169518112: internal log region (offset 167784448-234893311)
  169518623-169518624: internal log region (offset 167784448-234893311)
  169519135-169519136: internal log region (offset 167784448-234893311)
  169519647-169519648: internal log region (offset 167784448-234893311)
  169520159-169520160: internal log region (offset 167784448-234893311)
  169520671-169520672: internal log region (offset 167784448-234893311)
  169521183-169521184: internal log region (offset 167784448-234893311)
  169521695-169521696: internal log region (offset 167784448-234893311)
  169522207-169522208: internal log region (offset 167784448-234893311)
  169522719-169522720: internal log region (offset 167784448-234893311)
  169523231-169523232: internal log region (offset 167784448-234893311)
  169523743-169523744: internal log region (offset 167784448-234893311)
  169524255-169524256: internal log region (offset 167784448-234893311)
  169524767-169524768: internal log region (offset 167784448-234893311)
  169525279-169525280: internal log region (offset 167784448-234893311)
  169525791-169525792: internal log region (offset 167784448-234893311)
  169526303-169526304: internal log region (offset 167784448-234893311)
  169526815-169526816: internal log region (offset 167784448-234893311)
  169527327-169527328: internal log region (offset 167784448-234893311)
  169527839-169527840: internal log region (offset 167784448-234893311)
  169528351-169528352: internal log region (offset 167784448-234893311)
  169528863-169528864: internal log region (offset 167784448-234893311)
  169529375-169529376: internal log region (offset 167784448-234893311)
  169529887-169529888: internal log region (offset 167784448-234893311)
  169530399-169530400: internal log region (offset 167784448-234893311)
  169530911-169530912: internal log region (offset 167784448-234893311)
  169531423-169531424: internal log region (offset 167784448-234893311)
  169531935-169531936: internal log region (offset 167784448-234893311)
  169532447-169532448: internal log region (offset 167784448-234893311)
  169532959-169532960: internal log region (offset 167784448-234893311)
  169533471-169533472: internal log region (offset 167784448-234893311)
  169533983-169533984: internal log region (offset 167784448-234893311)
  169534495-169534496: internal log region (offset 167784448-234893311)
  169535007-169535008: internal log region (offset 167784448-234893311)
  169535519-169535520: internal log region (offset 167784448-234893311)
  169536031-169536032: internal log region (offset 167784448-234893311)
  169536543-169536544: internal log region (offset 167784448-234893311)
  169537055-169537056: internal log region (offset 167784448-234893311)
  169537567-169537568: internal log region (offset 167784448-234893311)
  169538079-169538080: internal log region (offset 167784448-234893311)
  169538591-169538592: internal log region (offset 167784448-234893311)
  169539103-169539104: internal log region (offset 167784448-234893311)
  169539615-169539616: internal log region (offset 167784448-234893311)
  169540127-169540128: internal log region (offset 167784448-234893311)
  169540639-169540640: internal log region (offset 167784448-234893311)
  169541151-169541152: internal log region (offset 167784448-234893311)
  169541663-169541664: internal log region (offset 167784448-234893311)
  169542175-169542176: internal log region (offset 167784448-234893311)
  169542687-169542688: internal log region (offset 167784448-234893311)
  169543199-169543200: internal log region (offset 167784448-234893311)
  169543711-169543712: internal log region (offset 167784448-234893311)
  169544223-169544224: internal log region (offset 167784448-234893311)
  169544735-169544736: internal log region (offset 167784448-234893311)
  169545247-169545248: internal log region (offset 167784448-234893311)
  169545759-169545760: internal log region (offset 167784448-234893311)
  169546271-169546272: internal log region (offset 167784448-234893311)
  169546783-169546784: internal log region (offset 167784448-234893311)
  169547295-169547296: internal log region (offset 167784448-234893311)
  169547807-169547808: internal log region (offset 167784448-234893311)
  169548319-169548320: internal log region (offset 167784448-234893311)
  169548831-169548832: internal log region (offset 167784448-234893311)
  169549343-169549344: internal log region (offset 167784448-234893311)
  169549855-169549856: internal log region (offset 167784448-234893311)
  169550367-169550368: internal log region (offset 167784448-234893311)
  169550879-169550880: internal log region (offset 167784448-234893311)
  169551391-169551392: internal log region (offset 167784448-234893311)
  169551903-169551904: internal log region (offset 167784448-234893311)
  169552415-169552416: internal log region (offset 167784448-234893311)
  169552927-169552928: internal log region (offset 167784448-234893311)
  169553439-169553440: internal log region (offset 167784448-234893311)
  169553951-169553952: internal log region (offset 167784448-234893311)
  169554463-169554464: internal log region (offset 167784448-234893311)
  169554975-169554976: internal log region (offset 167784448-234893311)
  169555487-169555488: internal log region (offset 167784448-234893311)
  169555999-169556000: internal log region (offset 167784448-234893311)
  169556511-169556512: internal log region (offset 167784448-234893311)
  169557023-169557024: internal log region (offset 167784448-234893311)
  169557535-169557536: internal log region (offset 167784448-234893311)
  169558047-169558048: internal log region (offset 167784448-234893311)
  169558559-169558560: internal log region (offset 167784448-234893311)
  169559071-169559072: internal log region (offset 167784448-234893311)
  169559583-169559584: internal log region (offset 167784448-234893311)
  169560095-169560096: internal log region (offset 167784448-234893311)
  169560607-169560608: internal log region (offset 167784448-234893311)
  169561119-169561120: internal log region (offset 167784448-234893311)
  169561631-169561632: internal log region (offset 167784448-234893311)
  169562143-169562144: internal log region (offset 167784448-234893311)
  169562655-169562656: internal log region (offset 167784448-234893311)
  169563167-169563168: internal log region (offset 167784448-234893311)
  169563679-169563680: internal log region (offset 167784448-234893311)
  169564191-169564192: internal log region (offset 167784448-234893311)
  169564703-169564704: internal log region (offset 167784448-234893311)
  169565215-169565216: internal log region (offset 167784448-234893311)
  169565727-169565728: internal log region (offset 167784448-234893311)
  169566239-169566240: internal log region (offset 167784448-234893311)
  169566751-169566752: internal log region (offset 167784448-234893311)
  169567263-169567264: internal log region (offset 167784448-234893311)
  169567775-169567776: internal log region (offset 167784448-234893311)
  169568287-169568288: internal log region (offset 167784448-234893311)
  169568799-169568800: internal log region (offset 167784448-234893311)
  169569311-169569312: internal log region (offset 167784448-234893311)
  169569823-169569824: internal log region (offset 167784448-234893311)
  169570335-169570336: internal log region (offset 167784448-234893311)
  169570847-169570848: internal log region (offset 167784448-234893311)
  169571359-169571360: internal log region (offset 167784448-234893311)
  169571871-169571872: internal log region (offset 167784448-234893311)
  169572383-169572384: internal log region (offset 167784448-234893311)
  169572895-169572896: internal log region (offset 167784448-234893311)
  169573407-169573408: internal log region (offset 167784448-234893311)
  169573919-169573920: internal log region (offset 167784448-234893311)
  169574431-169574432: internal log region (offset 167784448-234893311)
  169574943-169574944: internal log region (offset 167784448-234893311)
  169575455-169575456: internal log region (offset 167784448-234893311)
  169575967-169575968: internal log region (offset 167784448-234893311)
  169576479-169576480: internal log region (offset 167784448-234893311)
  169576991-169576992: internal log region (offset 167784448-234893311)
  169577503-169577504: internal log region (offset 167784448-234893311)
  169578015-169578016: internal log region (offset 167784448-234893311)
  169578527-169578528: internal log region (offset 167784448-234893311)
  169579039-169579040: internal log region (offset 167784448-234893311)
  169579551-169579552: internal log region (offset 167784448-234893311)
  169580063-169580064: internal log region (offset 167784448-234893311)
  169580575-169580576: internal log region (offset 167784448-234893311)
  169581087-169581088: internal log region (offset 167784448-234893311)
  169581599-169581600: internal log region (offset 167784448-234893311)
  169582111-169582112: internal log region (offset 167784448-234893311)
  169582623-169582624: internal log region (offset 167784448-234893311)
  169583135-169583136: internal log region (offset 167784448-234893311)
  169583647-169583648: internal log region (offset 167784448-234893311)
  169584159-169584160: internal log region (offset 167784448-234893311)
  169584671-169584672: internal log region (offset 167784448-234893311)
  169585183-169585184: internal log region (offset 167784448-234893311)
  169585695-169585696: internal log region (offset 167784448-234893311)
  169586207-169586208: internal log region (offset 167784448-234893311)
  169586719-169586720: internal log region (offset 167784448-234893311)
  169587231-169587232: internal log region (offset 167784448-234893311)
  169587743-169587744: internal log region (offset 167784448-234893311)
  169588255-169588256: internal log region (offset 167784448-234893311)
  169588767-169588768: internal log region (offset 167784448-234893311)
  169589279-169589280: internal log region (offset 167784448-234893311)
  169589791-169589792: internal log region (offset 167784448-234893311)
  169590303-169590304: internal log region (offset 167784448-234893311)
  169590815-169590816: internal log region (offset 167784448-234893311)
  169591327-169591328: internal log region (offset 167784448-234893311)
  169591839-169591840: internal log region (offset 167784448-234893311)
  169592351-169592352: internal log region (offset 167784448-234893311)
  169592863-169592864: internal log region (offset 167784448-234893311)
  169593375-169593376: internal log region (offset 167784448-234893311)
  169593887-169593888: internal log region (offset 167784448-234893311)
  169594399-169594400: internal log region (offset 167784448-234893311)
  169594911-169594912: internal log region (offset 167784448-234893311)
  169595423-169595424: internal log region (offset 167784448-234893311)
  169595935-169595936: internal log region (offset 167784448-234893311)
  169596447-169596448: internal log region (offset 167784448-234893311)
  169596959-169596960: internal log region (offset 167784448-234893311)
  169597471-169597472: internal log region (offset 167784448-234893311)
  169597983-169597984: internal log region (offset 167784448-234893311)
  169598495-169598496: internal log region (offset 167784448-234893311)
  169599007-169599008: internal log region (offset 167784448-234893311)
  169599519-169599520: internal log region (offset 167784448-234893311)
  169600031-169600032: internal log region (offset 167784448-234893311)
  169600543-169600544: internal log region (offset 167784448-234893311)
  169601055-169601056: internal log region (offset 167784448-234893311)
  169601567-169601568: internal log region (offset 167784448-234893311)
  169602079-169602080: internal log region (offset 167784448-234893311)
  169602591-169602592: internal log region (offset 167784448-234893311)
  169603103-169603104: internal log region (offset 167784448-234893311)
  169603615-169603616: internal log region (offset 167784448-234893311)
  169604127-169604128: internal log region (offset 167784448-234893311)
  169604639-169604640: internal log region (offset 167784448-234893311)
  169605151-169605152: internal log region (offset 167784448-234893311)
  169605663-169605664: internal log region (offset 167784448-234893311)
  169606175-169606176: internal log region (offset 167784448-234893311)
  169606687-169606688: internal log region (offset 167784448-234893311)
  169607199-169607200: internal log region (offset 167784448-234893311)
  169607711-169607712: internal log region (offset 167784448-234893311)
  169608223-169608224: internal log region (offset 167784448-234893311)
  169608735-169608736: internal log region (offset 167784448-234893311)
  169609247-169609248: internal log region (offset 167784448-234893311)
  169609759-169609760: internal log region (offset 167784448-234893311)
  169610271-169610272: internal log region (offset 167784448-234893311)
  169610783-169610784: internal log region (offset 167784448-234893311)
  169611295-169611296: internal log region (offset 167784448-234893311)
  169611807-169611808: internal log region (offset 167784448-234893311)
  169612319-169612320: internal log region (offset 167784448-234893311)
  169612831-169612832: internal log region (offset 167784448-234893311)
  169613343-169613344: internal log region (offset 167784448-234893311)
  169613855-169613856: internal log region (offset 167784448-234893311)
  169614367-169614368: internal log region (offset 167784448-234893311)
  169614879-169614880: internal log region (offset 167784448-234893311)
  169615391-169615392: internal log region (offset 167784448-234893311)
  169615903-169615904: internal log region (offset 167784448-234893311)
  169616415-169616416: internal log region (offset 167784448-234893311)
  169616927-169616928: internal log region (offset 167784448-234893311)
  169617439-169617440: internal log region (offset 167784448-234893311)
  169617951-169617952: internal log region (offset 167784448-234893311)
  169618463-169618464: internal log region (offset 167784448-234893311)
  169618975-169618976: internal log region (offset 167784448-234893311)
  169619487-169619488: internal log region (offset 167784448-234893311)
  169619999-169620000: internal log region (offset 167784448-234893311)
  169620511-169620512: internal log region (offset 167784448-234893311)
  169621023-169621024: internal log region (offset 167784448-234893311)
  169621535-169621536: internal log region (offset 167784448-234893311)
  169622047-169622048: internal log region (offset 167784448-234893311)
  169622559-169622560: internal log region (offset 167784448-234893311)
  169623071-169623072: internal log region (offset 167784448-234893311)
  169623583-169623584: internal log region (offset 167784448-234893311)
  169624095-169624096: internal log region (offset 167784448-234893311)
  169624607-169624608: internal log region (offset 167784448-234893311)
  169625119-169625120: internal log region (offset 167784448-234893311)
  169625631-169625632: internal log region (offset 167784448-234893311)
  169626143-169626144: internal log region (offset 167784448-234893311)
  169626655-169626656: internal log region (offset 167784448-234893311)
  169627167-169627168: internal log region (offset 167784448-234893311)
  169627679-169627680: internal log region (offset 167784448-234893311)
  169628191-169628192: internal log region (offset 167784448-234893311)
  169628703-169628704: internal log region (offset 167784448-234893311)
  169629215-169629216: internal log region (offset 167784448-234893311)
  169629727-169629728: internal log region (offset 167784448-234893311)
  169630239-169630240: internal log region (offset 167784448-234893311)
  169630751-169630752: internal log region (offset 167784448-234893311)
  169631263-169631264: internal log region (offset 167784448-234893311)
  169631775-169631776: internal log region (offset 167784448-234893311)
  169632287-169632288: internal log region (offset 167784448-234893311)
  169632799-169632800: internal log region (offset 167784448-234893311)
  169633311-169633312: internal log region (offset 167784448-234893311)
  169633823-169633824: internal log region (offset 167784448-234893311)
  169634335-169634336: internal log region (offset 167784448-234893311)
  169634847-169634848: internal log region (offset 167784448-234893311)
  169635359-169635360: internal log region (offset 167784448-234893311)
  169635871-169635872: internal log region (offset 167784448-234893311)
  169636383-169636384: internal log region (offset 167784448-234893311)
  169636895-169636896: internal log region (offset 167784448-234893311)
  169637407-169637408: internal log region (offset 167784448-234893311)
  169637919-169637920: internal log region (offset 167784448-234893311)
  169638431-169638432: internal log region (offset 167784448-234893311)
  169638943-169638944: internal log region (offset 167784448-234893311)
  169639455-169639456: internal log region (offset 167784448-234893311)
  169639967-169639968: internal log region (offset 167784448-234893311)
  169640479-169640480: internal log region (offset 167784448-234893311)
  169640991-169640992: internal log region (offset 167784448-234893311)
  169641503-169641504: internal log region (offset 167784448-234893311)
  169642015-169642016: internal log region (offset 167784448-234893311)
  169642527-169642528: internal log region (offset 167784448-234893311)
  169643039-169643040: internal log region (offset 167784448-234893311)
  169643551-169643552: internal log region (offset 167784448-234893311)
  169644063-169644064: internal log region (offset 167784448-234893311)
  169644575-169644576: internal log region (offset 167784448-234893311)
  169645087-169645088: internal log region (offset 167784448-234893311)
  169645599-169645600: internal log region (offset 167784448-234893311)
  169646111-169646112: internal log region (offset 167784448-234893311)
  169646623-169646624: internal log region (offset 167784448-234893311)
  169647135-169647136: internal log region (offset 167784448-234893311)
  169647647-169647648: internal log region (offset 167784448-234893311)
  169648159-169648160: internal log region (offset 167784448-234893311)
  169648671-169648672: internal log region (offset 167784448-234893311)
  169649183-169649184: internal log region (offset 167784448-234893311)
  169649695-169649696: internal log region (offset 167784448-234893311)
  169650207-169650208: internal log region (offset 167784448-234893311)
  169650719-169650720: internal log region (offset 167784448-234893311)
  169651231-169651232: internal log region (offset 167784448-234893311)
  169651743-169651744: internal log region (offset 167784448-234893311)
  169652255-169652256: internal log region (offset 167784448-234893311)
  169652767-169652768: internal log region (offset 167784448-234893311)
  169653279-169653280: internal log region (offset 167784448-234893311)
  169653791-169653792: internal log region (offset 167784448-234893311)
  169654303-169654304: internal log region (offset 167784448-234893311)
  169654815-169654816: internal log region (offset 167784448-234893311)
  169655327-169655328: internal log region (offset 167784448-234893311)
  169655839-169655840: internal log region (offset 167784448-234893311)
  169656351-169656352: internal log region (offset 167784448-234893311)
  169656863-169656864: internal log region (offset 167784448-234893311)
  169657375-169657376: internal log region (offset 167784448-234893311)
  169657887-169657888: internal log region (offset 167784448-234893311)
  169658399-169658400: internal log region (offset 167784448-234893311)
  169658911-169658912: internal log region (offset 167784448-234893311)
  169659423-169659424: internal log region (offset 167784448-234893311)
  169659935-169659936: internal log region (offset 167784448-234893311)
  169660447-169660448: internal log region (offset 167784448-234893311)
  169660959-169660960: internal log region (offset 167784448-234893311)
  169661471-169661472: internal log region (offset 167784448-234893311)
  169661983-169661984: internal log region (offset 167784448-234893311)
  169662495-169662496: internal log region (offset 167784448-234893311)
  169663007-169663008: internal log region (offset 167784448-234893311)
  169663519-169663520: internal log region (offset 167784448-234893311)
  169664031-169664032: internal log region (offset 167784448-234893311)
  169664543-169664544: internal log region (offset 167784448-234893311)
  169665055-169665056: internal log region (offset 167784448-234893311)
  169665567-169665568: internal log region (offset 167784448-234893311)
  169666079-169666080: internal log region (offset 167784448-234893311)
  169666591-169666592: internal log region (offset 167784448-234893311)
  169667103-169667104: internal log region (offset 167784448-234893311)
  169667615-169667616: internal log region (offset 167784448-234893311)
  169668127-169668128: internal log region (offset 167784448-234893311)
  169668639-169668640: internal log region (offset 167784448-234893311)
  169669151-169669152: internal log region (offset 167784448-234893311)
  169669663-169669664: internal log region (offset 167784448-234893311)
  169670175-169670176: internal log region (offset 167784448-234893311)
  169670687-169670688: internal log region (offset 167784448-234893311)
  169671199-169671200: internal log region (offset 167784448-234893311)
  169671711-169671712: internal log region (offset 167784448-234893311)
  169672223-169672224: internal log region (offset 167784448-234893311)
  169672735-169672736: internal log region (offset 167784448-234893311)
  169673247-169673248: internal log region (offset 167784448-234893311)
  169673759-169673760: internal log region (offset 167784448-234893311)
  169674271-169674272: internal log region (offset 167784448-234893311)
  169674783-169674784: internal log region (offset 167784448-234893311)
  169675295-169675296: internal log region (offset 167784448-234893311)
  169675807-169675808: internal log region (offset 167784448-234893311)
  169676319-169676320: internal log region (offset 167784448-234893311)
  169676831-169676832: internal log region (offset 167784448-234893311)
  169677343-169677344: internal log region (offset 167784448-234893311)
  169677855-169677856: internal log region (offset 167784448-234893311)
  169678367-169678368: internal log region (offset 167784448-234893311)
  169678879-169678880: internal log region (offset 167784448-234893311)
  169679391-169679392: internal log region (offset 167784448-234893311)
  169679903-169679904: internal log region (offset 167784448-234893311)
  169680415-169680416: internal log region (offset 167784448-234893311)
  169680927-169680928: internal log region (offset 167784448-234893311)
  169681439-169681440: internal log region (offset 167784448-234893311)
  169681951-169681952: internal log region (offset 167784448-234893311)
  169682463-169682464: internal log region (offset 167784448-234893311)
  169682975-169682976: internal log region (offset 167784448-234893311)
  169683487-169683488: internal log region (offset 167784448-234893311)
  169683999-169684000: internal log region (offset 167784448-234893311)
  169684511-169684512: internal log region (offset 167784448-234893311)
  169685023-169685024: internal log region (offset 167784448-234893311)
  169685535-169685536: internal log region (offset 167784448-234893311)
  169686047-169686048: internal log region (offset 167784448-234893311)
  169686559-169686560: internal log region (offset 167784448-234893311)
  169687071-169687072: internal log region (offset 167784448-234893311)
  169687583-169687584: internal log region (offset 167784448-234893311)
  169688095-169688096: internal log region (offset 167784448-234893311)
  169688607-169688608: internal log region (offset 167784448-234893311)
  169689119-169689120: internal log region (offset 167784448-234893311)
  169689631-169689632: internal log region (offset 167784448-234893311)
  169690143-169690144: internal log region (offset 167784448-234893311)
  169690655-169690656: internal log region (offset 167784448-234893311)
  169691167-169691168: internal log region (offset 167784448-234893311)
  169691679-169691680: internal log region (offset 167784448-234893311)
  169692191-169692192: internal log region (offset 167784448-234893311)
  169692703-169692704: internal log region (offset 167784448-234893311)
  169693215-169693216: internal log region (offset 167784448-234893311)
  169693727-169693728: internal log region (offset 167784448-234893311)
  169694239-169694240: internal log region (offset 167784448-234893311)
  169694751-169694752: internal log region (offset 167784448-234893311)
  169695263-169695264: internal log region (offset 167784448-234893311)
  169695775-169695776: internal log region (offset 167784448-234893311)
  169696287-169696288: internal log region (offset 167784448-234893311)
  169696799-169696800: internal log region (offset 167784448-234893311)
  169697311-169697312: internal log region (offset 167784448-234893311)
  169697823-169697824: internal log region (offset 167784448-234893311)
  169698335-169698336: internal log region (offset 167784448-234893311)
  169698847-169698848: internal log region (offset 167784448-234893311)
  169699359-169699360: internal log region (offset 167784448-234893311)
  169699871-169699872: internal log region (offset 167784448-234893311)
  169700383-169700384: internal log region (offset 167784448-234893311)
  169700895-169700896: internal log region (offset 167784448-234893311)
  169701407-169701408: internal log region (offset 167784448-234893311)
  169701919-169701920: internal log region (offset 167784448-234893311)
  169702431-169702432: internal log region (offset 167784448-234893311)
  169702943-169702944: internal log region (offset 167784448-234893311)
  169703455-169703456: internal log region (offset 167784448-234893311)
  169703967-169703968: internal log region (offset 167784448-234893311)
  169704479-169704480: internal log region (offset 167784448-234893311)
  169704991-169704992: internal log region (offset 167784448-234893311)
  169705503-169705504: internal log region (offset 167784448-234893311)
  169706015-169706016: internal log region (offset 167784448-234893311)
  169706527-169706528: internal log region (offset 167784448-234893311)
  169707039-169707040: internal log region (offset 167784448-234893311)
  169707551-169707552: internal log region (offset 167784448-234893311)
  169708063-169708064: internal log region (offset 167784448-234893311)
  169708575-169708576: internal log region (offset 167784448-234893311)
  169709087-169709088: internal log region (offset 167784448-234893311)
  169709599-169709600: internal log region (offset 167784448-234893311)
  169710111-169710112: internal log region (offset 167784448-234893311)
  169710623-169710624: internal log region (offset 167784448-234893311)
  169711135-169711136: internal log region (offset 167784448-234893311)
  169711647-169711648: internal log region (offset 167784448-234893311)
  169712159-169712160: internal log region (offset 167784448-234893311)
  169712671-169712672: internal log region (offset 167784448-234893311)
  169713183-169713184: internal log region (offset 167784448-234893311)
  169713695-169713696: internal log region (offset 167784448-234893311)
  169714207-169714208: internal log region (offset 167784448-234893311)
  169714719-169714720: internal log region (offset 167784448-234893311)
  169715231-169715232: internal log region (offset 167784448-234893311)
  169715743-169715744: internal log region (offset 167784448-234893311)
  169716255-169716256: internal log region (offset 167784448-234893311)
  169716767-169716768: internal log region (offset 167784448-234893311)
  169717279-169717280: internal log region (offset 167784448-234893311)
  169717791-169717792: internal log region (offset 167784448-234893311)
  169718303-169718304: internal log region (offset 167784448-234893311)
  169718815-169718816: internal log region (offset 167784448-234893311)
  169719327-169719328: internal log region (offset 167784448-234893311)
  169719839-169719840: internal log region (offset 167784448-234893311)
  169720351-169720352: internal log region (offset 167784448-234893311)
  169720863-169720864: internal log region (offset 167784448-234893311)
  169721375-169721376: internal log region (offset 167784448-234893311)
  169721887-169721888: internal log region (offset 167784448-234893311)
  169722399-169722400: internal log region (offset 167784448-234893311)
  169722911-169722912: internal log region (offset 167784448-234893311)
  169723423-169723424: internal log region (offset 167784448-234893311)
  169723935-169723936: internal log region (offset 167784448-234893311)
  169724447-169724448: internal log region (offset 167784448-234893311)
  169724959-169724960: internal log region (offset 167784448-234893311)
  169725471-169725472: internal log region (offset 167784448-234893311)
  169725983-169725984: internal log region (offset 167784448-234893311)
  169726495-169726496: internal log region (offset 167784448-234893311)
  169727007-169727008: internal log region (offset 167784448-234893311)
  169727519-169727520: internal log region (offset 167784448-234893311)
  169728031-169728032: internal log region (offset 167784448-234893311)
  169728543-169728544: internal log region (offset 167784448-234893311)
  169729055-169729056: internal log region (offset 167784448-234893311)
  169729567-169729568: internal log region (offset 167784448-234893311)
  169730079-169730080: internal log region (offset 167784448-234893311)
  169730591-169730592: internal log region (offset 167784448-234893311)
  169731103-169731104: internal log region (offset 167784448-234893311)
  169731615-169731616: internal log region (offset 167784448-234893311)
  169732127-169732128: internal log region (offset 167784448-234893311)
  169732639-169732640: internal log region (offset 167784448-234893311)
  169733151-169733152: internal log region (offset 167784448-234893311)
  169733663-169733664: internal log region (offset 167784448-234893311)
  169734175-169734176: internal log region (offset 167784448-234893311)
  169734687-169734688: internal log region (offset 167784448-234893311)
  169735199-169735200: internal log region (offset 167784448-234893311)
  169735711-169735712: internal log region (offset 167784448-234893311)
  169736223-169736224: internal log region (offset 167784448-234893311)
  169736735-169736736: internal log region (offset 167784448-234893311)
  169737247-169737248: internal log region (offset 167784448-234893311)
  169737759-169737760: internal log region (offset 167784448-234893311)
  169738271-169738272: internal log region (offset 167784448-234893311)
  169738783-169738784: internal log region (offset 167784448-234893311)
  169739295-169739296: internal log region (offset 167784448-234893311)
  169739807-169739808: internal log region (offset 167784448-234893311)
  169740319-169740320: internal log region (offset 167784448-234893311)
  169740831-169740832: internal log region (offset 167784448-234893311)
  169741343-169741344: internal log region (offset 167784448-234893311)
  169741855-169741856: internal log region (offset 167784448-234893311)
  169742367-169742368: internal log region (offset 167784448-234893311)
  169742879-169742880: internal log region (offset 167784448-234893311)
  169743391-169743392: internal log region (offset 167784448-234893311)
  169743903-169743904: internal log region (offset 167784448-234893311)
  169744415-169744416: internal log region (offset 167784448-234893311)
  169744927-169744928: internal log region (offset 167784448-234893311)
  169745439-169745440: internal log region (offset 167784448-234893311)
  169745951-169745952: internal log region (offset 167784448-234893311)
  169746463-169746464: internal log region (offset 167784448-234893311)
  169746975-169746976: internal log region (offset 167784448-234893311)
  169747487-169747488: internal log region (offset 167784448-234893311)
  169747999-169748000: internal log region (offset 167784448-234893311)
  169748511-169748512: internal log region (offset 167784448-234893311)
  169749023-169749024: internal log region (offset 167784448-234893311)
  169749535-169749536: internal log region (offset 167784448-234893311)
  169750047-169750048: internal log region (offset 167784448-234893311)
  169750559-169750560: internal log region (offset 167784448-234893311)
  169751071-169751072: internal log region (offset 167784448-234893311)
  169751583-169751584: internal log region (offset 167784448-234893311)
  169752095-169752096: internal log region (offset 167784448-234893311)
  169752607-169752608: internal log region (offset 167784448-234893311)
  169753119-169753120: internal log region (offset 167784448-234893311)
  169753631-169753632: internal log region (offset 167784448-234893311)
  169754143-169754144: internal log region (offset 167784448-234893311)
  169754655-169754656: internal log region (offset 167784448-234893311)
  169755167-169755168: internal log region (offset 167784448-234893311)
  169755679-169755680: internal log region (offset 167784448-234893311)
  169756191-169756192: internal log region (offset 167784448-234893311)
  169756703-169756704: internal log region (offset 167784448-234893311)
  169757215-169757216: internal log region (offset 167784448-234893311)
  169757727-169757728: internal log region (offset 167784448-234893311)
  169758239-169758240: internal log region (offset 167784448-234893311)
  169758751-169758752: internal log region (offset 167784448-234893311)
  169759263-169759264: internal log region (offset 167784448-234893311)
  169759775-169759776: internal log region (offset 167784448-234893311)
  169760287-169760288: internal log region (offset 167784448-234893311)
  169760799-169760800: internal log region (offset 167784448-234893311)
  169761311-169761312: internal log region (offset 167784448-234893311)
  169761823-169761824: internal log region (offset 167784448-234893311)
  169762335-169762336: internal log region (offset 167784448-234893311)
  169762847-169762848: internal log region (offset 167784448-234893311)
  169763359-169763360: internal log region (offset 167784448-234893311)
  169763871-169763872: internal log region (offset 167784448-234893311)
  169764383-169764384: internal log region (offset 167784448-234893311)
  169764895-169764896: internal log region (offset 167784448-234893311)
  169765407-169765408: internal log region (offset 167784448-234893311)
  169765919-169765920: internal log region (offset 167784448-234893311)
  169766431-169766432: internal log region (offset 167784448-234893311)
  169766943-169766944: internal log region (offset 167784448-234893311)
  169767455-169767456: internal log region (offset 167784448-234893311)
  169767967-169767968: internal log region (offset 167784448-234893311)
  169768479-169768480: internal log region (offset 167784448-234893311)
  169768991-169768992: internal log region (offset 167784448-234893311)
  169769503-169769504: internal log region (offset 167784448-234893311)
  169770015-169770016: internal log region (offset 167784448-234893311)
  169770527-169770528: internal log region (offset 167784448-234893311)
  169771039-169771040: internal log region (offset 167784448-234893311)
  169771551-169771552: internal log region (offset 167784448-234893311)
  169772063-169772064: internal log region (offset 167784448-234893311)
  169772575-169772576: internal log region (offset 167784448-234893311)
  169773087-169773088: internal log region (offset 167784448-234893311)
  169773599-169773600: internal log region (offset 167784448-234893311)
  169774111-169774112: internal log region (offset 167784448-234893311)
  169774623-169774624: internal log region (offset 167784448-234893311)
  169775135-169775136: internal log region (offset 167784448-234893311)
  169775647-169775648: internal log region (offset 167784448-234893311)
  169776159-169776160: internal log region (offset 167784448-234893311)
  169776671-169776672: internal log region (offset 167784448-234893311)
  169777183-169777184: internal log region (offset 167784448-234893311)
  169777695-169777696: internal log region (offset 167784448-234893311)
  169778207-169778208: internal log region (offset 167784448-234893311)
  169778719-169778720: internal log region (offset 167784448-234893311)
  169779231-169779232: internal log region (offset 167784448-234893311)
  169779743-169779744: internal log region (offset 167784448-234893311)
  169780255-169780256: internal log region (offset 167784448-234893311)
  169780767-169780768: internal log region (offset 167784448-234893311)
  169781279-169781280: internal log region (offset 167784448-234893311)
  169781791-169781792: internal log region (offset 167784448-234893311)
  169782303-169782304: internal log region (offset 167784448-234893311)
  169782815-169782816: internal log region (offset 167784448-234893311)
  169783327-169783328: internal log region (offset 167784448-234893311)
  169783839-169783840: internal log region (offset 167784448-234893311)
  169784351-169784352: internal log region (offset 167784448-234893311)
  169784863-169784864: internal log region (offset 167784448-234893311)
  169785375-169785376: internal log region (offset 167784448-234893311)
  169785887-169785888: internal log region (offset 167784448-234893311)
  169786399-169786400: internal log region (offset 167784448-234893311)
  169786911-169786912: internal log region (offset 167784448-234893311)
  169787423-169787424: internal log region (offset 167784448-234893311)
  169787935-169787936: internal log region (offset 167784448-234893311)
  169788447-169788448: internal log region (offset 167784448-234893311)
  169788959-169788960: internal log region (offset 167784448-234893311)
  169789471-169789472: internal log region (offset 167784448-234893311)
  169789983-169789984: internal log region (offset 167784448-234893311)
  169790495-169790496: internal log region (offset 167784448-234893311)
  169791007-169791008: internal log region (offset 167784448-234893311)
  169791519-169791520: internal log region (offset 167784448-234893311)
  169792031-169792032: internal log region (offset 167784448-234893311)
  169792543-169792544: internal log region (offset 167784448-234893311)
  169793055-169793056: internal log region (offset 167784448-234893311)
  169793567-169793568: internal log region (offset 167784448-234893311)
  169794079-169794080: internal log region (offset 167784448-234893311)
  169794591-169794592: internal log region (offset 167784448-234893311)
  169795103-169795104: internal log region (offset 167784448-234893311)
  169795615-169795616: internal log region (offset 167784448-234893311)
  169796127-169796128: internal log region (offset 167784448-234893311)
  169796639-169796640: internal log region (offset 167784448-234893311)
  169797151-169797152: internal log region (offset 167784448-234893311)
  169797663-169797664: internal log region (offset 167784448-234893311)
  169798175-169798176: internal log region (offset 167784448-234893311)
  169798687-169798688: internal log region (offset 167784448-234893311)
  169799199-169799200: internal log region (offset 167784448-234893311)
  169799711-169799712: internal log region (offset 167784448-234893311)
  169800223-169800224: internal log region (offset 167784448-234893311)
  169800735-169800736: internal log region (offset 167784448-234893311)
  169801247-169801248: internal log region (offset 167784448-234893311)
  169801759-169801760: internal log region (offset 167784448-234893311)
  169802271-169802272: internal log region (offset 167784448-234893311)
  169802783-169802784: internal log region (offset 167784448-234893311)
  169803295-169803296: internal log region (offset 167784448-234893311)
  169803807-169803808: internal log region (offset 167784448-234893311)
  169804319-169804320: internal log region (offset 167784448-234893311)
  169804831-169804832: internal log region (offset 167784448-234893311)
  169805343-169805344: internal log region (offset 167784448-234893311)
  169805855-169805856: internal log region (offset 167784448-234893311)
  169806367-169806368: internal log region (offset 167784448-234893311)
  169806879-169806880: internal log region (offset 167784448-234893311)
  169807391-169807392: internal log region (offset 167784448-234893311)
  169807903-169807904: internal log region (offset 167784448-234893311)
  169808415-169808416: internal log region (offset 167784448-234893311)
  169808927-169808928: internal log region (offset 167784448-234893311)
  169809439-169809440: internal log region (offset 167784448-234893311)
  169809951-169809952: internal log region (offset 167784448-234893311)
  169810463-169810464: internal log region (offset 167784448-234893311)
  169810975-169810976: internal log region (offset 167784448-234893311)
  169811487-169811488: internal log region (offset 167784448-234893311)
  169811999-169812000: internal log region (offset 167784448-234893311)
  169812511-169812512: internal log region (offset 167784448-234893311)
  169813023-169813024: internal log region (offset 167784448-234893311)
  169813535-169813536: internal log region (offset 167784448-234893311)
  169814047-169814048: internal log region (offset 167784448-234893311)
  169814559-169814560: internal log region (offset 167784448-234893311)
  169815071-169815072: internal log region (offset 167784448-234893311)
  169815583-169815584: internal log region (offset 167784448-234893311)
  169816095-169816096: internal log region (offset 167784448-234893311)
  169816607-169816608: internal log region (offset 167784448-234893311)
  169817119-169817120: internal log region (offset 167784448-234893311)
  169817631-169817632: internal log region (offset 167784448-234893311)
  169818143-169818144: internal log region (offset 167784448-234893311)
  169818655-169818656: internal log region (offset 167784448-234893311)
  169819167-169819168: internal log region (offset 167784448-234893311)
  169819679-169819680: internal log region (offset 167784448-234893311)
  169820191-169820192: internal log region (offset 167784448-234893311)
  169820703-169820704: internal log region (offset 167784448-234893311)
  169821215-169821216: internal log region (offset 167784448-234893311)
  169821727-169821728: internal log region (offset 167784448-234893311)
  169822239-169822240: internal log region (offset 167784448-234893311)
  169822751-169822752: internal log region (offset 167784448-234893311)
  169823263-169823264: internal log region (offset 167784448-234893311)
  169823775-169823776: internal log region (offset 167784448-234893311)
  169824287-169824288: internal log region (offset 167784448-234893311)
  169824799-169824800: internal log region (offset 167784448-234893311)
  169825311-169825312: internal log region (offset 167784448-234893311)
  169825823-169825824: internal log region (offset 167784448-234893311)
  169826335-169826336: internal log region (offset 167784448-234893311)
  169826847-169826848: internal log region (offset 167784448-234893311)
  169827359-169827360: internal log region (offset 167784448-234893311)
  169827871-169827872: internal log region (offset 167784448-234893311)
  169828383-169828384: internal log region (offset 167784448-234893311)
  169828895-169828896: internal log region (offset 167784448-234893311)
  169829407-169829408: internal log region (offset 167784448-234893311)
  169829919-169829920: internal log region (offset 167784448-234893311)
  169830431-169830432: internal log region (offset 167784448-234893311)
  169830943-169830944: internal log region (offset 167784448-234893311)
  169831455-169831456: internal log region (offset 167784448-234893311)
  169831967-169831968: internal log region (offset 167784448-234893311)
  169832479-169832480: internal log region (offset 167784448-234893311)
  169832991-169832992: internal log region (offset 167784448-234893311)
  169833503-169833504: internal log region (offset 167784448-234893311)
  169834015-169834016: internal log region (offset 167784448-234893311)
  169834527-169834528: internal log region (offset 167784448-234893311)
  169835039-169835040: internal log region (offset 167784448-234893311)
  169835551-169835552: internal log region (offset 167784448-234893311)
  169836063-169836064: internal log region (offset 167784448-234893311)
  169836575-169836576: internal log region (offset 167784448-234893311)
  169837087-169837088: internal log region (offset 167784448-234893311)
  169837599-169837600: internal log region (offset 167784448-234893311)
  169838111-169838112: internal log region (offset 167784448-234893311)
  169838623-169838624: internal log region (offset 167784448-234893311)
  169839135-169839136: internal log region (offset 167784448-234893311)
  169839647-169839648: internal log region (offset 167784448-234893311)
  169840159-169840160: internal log region (offset 167784448-234893311)
  169840671-169840672: internal log region (offset 167784448-234893311)
  169841183-169841184: internal log region (offset 167784448-234893311)
  169841695-169841696: internal log region (offset 167784448-234893311)
  169842207-169842208: internal log region (offset 167784448-234893311)
  169842719-169842720: internal log region (offset 167784448-234893311)
  169843231-169843232: internal log region (offset 167784448-234893311)
  169843743-169843744: internal log region (offset 167784448-234893311)
  169844255-169844256: internal log region (offset 167784448-234893311)
  169844767-169844768: internal log region (offset 167784448-234893311)
  169845279-169845280: internal log region (offset 167784448-234893311)
  169845791-169845792: internal log region (offset 167784448-234893311)
  169846303-169846304: internal log region (offset 167784448-234893311)
  169846815-169846816: internal log region (offset 167784448-234893311)
  169847327-169847328: internal log region (offset 167784448-234893311)
  169847839-169847840: internal log region (offset 167784448-234893311)
  169848351-169848352: internal log region (offset 167784448-234893311)
  169848863-169848864: internal log region (offset 167784448-234893311)
  169849375-169849376: internal log region (offset 167784448-234893311)
  169849887-169849888: internal log region (offset 167784448-234893311)
  169850399-169850400: internal log region (offset 167784448-234893311)
  169850911-169850912: internal log region (offset 167784448-234893311)
  169851423-169851424: internal log region (offset 167784448-234893311)
  169851935-169851936: internal log region (offset 167784448-234893311)
  169852447-169852448: internal log region (offset 167784448-234893311)
  169852959-169852960: internal log region (offset 167784448-234893311)
  169853471-169853472: internal log region (offset 167784448-234893311)
  169853983-169853984: internal log region (offset 167784448-234893311)
  169854495-169854496: internal log region (offset 167784448-234893311)
  169855007-169855008: internal log region (offset 167784448-234893311)
  169855519-169855520: internal log region (offset 167784448-234893311)
  169856031-169856032: internal log region (offset 167784448-234893311)
  169856543-169856544: internal log region (offset 167784448-234893311)
  169857055-169857056: internal log region (offset 167784448-234893311)
  169857567-169857568: internal log region (offset 167784448-234893311)
  169858079-169858080: internal log region (offset 167784448-234893311)
  169858591-169858592: internal log region (offset 167784448-234893311)
  169859103-169859104: internal log region (offset 167784448-234893311)
  169859615-169859616: internal log region (offset 167784448-234893311)
  169860127-169860128: internal log region (offset 167784448-234893311)
  169860639-169860640: internal log region (offset 167784448-234893311)
  169861151-169861152: internal log region (offset 167784448-234893311)
  169861663-169861664: internal log region (offset 167784448-234893311)
  169862175-169862176: internal log region (offset 167784448-234893311)
  169862687-169862688: internal log region (offset 167784448-234893311)
  169863199-169863200: internal log region (offset 167784448-234893311)
  169863711-169863712: internal log region (offset 167784448-234893311)
  169864223-169864224: internal log region (offset 167784448-234893311)
  169864735-169864736: internal log region (offset 167784448-234893311)
  169865247-169865248: internal log region (offset 167784448-234893311)
  169865759-169865760: internal log region (offset 167784448-234893311)
  169866271-169866272: internal log region (offset 167784448-234893311)
  169866783-169866784: internal log region (offset 167784448-234893311)
  169867295-169867296: internal log region (offset 167784448-234893311)
  169867807-169867808: internal log region (offset 167784448-234893311)
  169868319-169868320: internal log region (offset 167784448-234893311)
  169868831-169868832: internal log region (offset 167784448-234893311)
  169869343-169869344: internal log region (offset 167784448-234893311)
  169869855-169869856: internal log region (offset 167784448-234893311)
  169870367-169870368: internal log region (offset 167784448-234893311)
  169870879-169870880: internal log region (offset 167784448-234893311)
  169871391-169871392: internal log region (offset 167784448-234893311)
  169871903-169871904: internal log region (offset 167784448-234893311)
  169872415-169872416: internal log region (offset 167784448-234893311)
  169872927-169872928: internal log region (offset 167784448-234893311)
  169873439-169873440: internal log region (offset 167784448-234893311)
  169873951-169873952: internal log region (offset 167784448-234893311)
  169874463-169874464: internal log region (offset 167784448-234893311)
  169874975-169874976: internal log region (offset 167784448-234893311)
  169875487-169875488: internal log region (offset 167784448-234893311)
  169875999-169876000: internal log region (offset 167784448-234893311)
  169876511-169876512: internal log region (offset 167784448-234893311)
  169877023-169877024: internal log region (offset 167784448-234893311)
  169877535-169877536: internal log region (offset 167784448-234893311)
  169878047-169878048: internal log region (offset 167784448-234893311)
  169878559-169878560: internal log region (offset 167784448-234893311)
  169879071-169879072: internal log region (offset 167784448-234893311)
  169879583-169879584: internal log region (offset 167784448-234893311)
  169880095-169880096: internal log region (offset 167784448-234893311)
  169880607-169880608: internal log region (offset 167784448-234893311)
  169881119-169881120: internal log region (offset 167784448-234893311)
  169881631-169881632: internal log region (offset 167784448-234893311)
  169882143-169882144: internal log region (offset 167784448-234893311)
  169882624-169882628: internal log region (offset 167784448-234893311)
  169882635-169882636: internal log region (offset 167784448-234893311)
  169882646-169882648: internal log region (offset 167784448-234893311)
  169882651-169882652: internal log region (offset 167784448-234893311)
  169882655-169882656: internal log region (offset 167784448-234893311)
  169882927-169882944: internal log region (offset 167784448-234893311)
  169883136-169883140: internal log region (offset 167784448-234893311)
  169883147-169883148: internal log region (offset 167784448-234893311)
  169883158-169883160: internal log region (offset 167784448-234893311)
  169883163-169883164: internal log region (offset 167784448-234893311)
  169883167-169883168: internal log region (offset 167784448-234893311)
  169883439-169883456: internal log region (offset 167784448-234893311)
  169883648-169883652: internal log region (offset 167784448-234893311)
  169883659-169883660: internal log region (offset 167784448-234893311)
  169883670-169883672: internal log region (offset 167784448-234893311)
  169883675-169883676: internal log region (offset 167784448-234893311)
  169883679-169883680: internal log region (offset 167784448-234893311)
  169883951-169883968: internal log region (offset 167784448-234893311)
  169884160-169884164: internal log region (offset 167784448-234893311)
  169884171-169884172: internal log region (offset 167784448-234893311)
  169884182-169884184: internal log region (offset 167784448-234893311)
  169884187-169884188: internal log region (offset 167784448-234893311)
  169884191-169884192: internal log region (offset 167784448-234893311)
  169884463-169884480: internal log region (offset 167784448-234893311)
  169884672-169884676: internal log region (offset 167784448-234893311)
  169884683-169884684: internal log region (offset 167784448-234893311)
  169884694-169884696: internal log region (offset 167784448-234893311)
  169884699-169884700: internal log region (offset 167784448-234893311)
  169884703-169884704: internal log region (offset 167784448-234893311)
  169884975-169884992: internal log region (offset 167784448-234893311)
  169885184-169885188: internal log region (offset 167784448-234893311)
  169885195-169885196: internal log region (offset 167784448-234893311)
  169885206-169885208: internal log region (offset 167784448-234893311)
  169885211-169885212: internal log region (offset 167784448-234893311)
  169885215-169885216: internal log region (offset 167784448-234893311)
  169885487-169885504: internal log region (offset 167784448-234893311)
  169885696-169885700: internal log region (offset 167784448-234893311)
  169885707-169885708: internal log region (offset 167784448-234893311)
  169885718-169885720: internal log region (offset 167784448-234893311)
  169885723-169885724: internal log region (offset 167784448-234893311)
  169885727-169885728: internal log region (offset 167784448-234893311)
  169885999-169886016: internal log region (offset 167784448-234893311)
-- xfs_repair -n immediately after this mount attempt --
Phase 1 - find and verify superblock...
Phase 2 - using internal log
        - zero log...
        - scan filesystem freespace and inode maps...
        - found root inode chunk
Phase 3 - for each AG...
        - scan (but don't clear) agi unlinked lists...
        - process known inodes and perform inode discovery...
        - agno = 0
        - agno = 1
        - agno = 2
        - agno = 3
        - process newly discovered inodes...
Phase 4 - check for duplicate blocks...
        - setting up duplicate extent list...
        - check for inodes claiming duplicate blocks...
        - agno = 0
        - agno = 1
        - agno = 3
        - agno = 2
No modify flag set, skipping phase 5
Phase 6 - check inode connectivity...
        - traversing filesystem ...
        - traversal finished ...
        - moving disconnected inodes to lost+found ...
Phase 7 - verify link counts...
No modify flag set, skipping filesystem flush and exiting.
xfs_repair -n exit status: 0

== mount -o ro,norecovery against a *fresh copy* of the dirty-log disk (variant: ro-norecovery) ==
mount exit status: 0
contents:
total 0
drwxr-xr-x 2 root root  6 Sep 15 22:30 .
drwxr-xr-x 3 root root 60 Sep 15 22:30 ..
partition bytes unchanged by this mount (497534b640451c2db6cd3239f0dd2a2b5d8eebba0f6c6b34ef1a795d07d8db8b)
-- xfs_repair -n immediately after this mount attempt --
Phase 1 - find and verify superblock...
Phase 2 - using internal log
        - zero log...
ALERT: The filesystem has valuable metadata changes in a log which is being
ignored because the -n option was used.  Expect spurious inconsistencies
which may be resolved by first mounting the filesystem to replay the log.
        - scan filesystem freespace and inode maps...
        - found root inode chunk
Phase 3 - for each AG...
        - scan (but don't clear) agi unlinked lists...
        - process known inodes and perform inode discovery...
        - agno = 0
        - agno = 1
        - agno = 2
        - agno = 3
        - process newly discovered inodes...
Phase 4 - check for duplicate blocks...
        - setting up duplicate extent list...
        - check for inodes claiming duplicate blocks...
        - agno = 0
        - agno = 3
        - agno = 1
        - agno = 2
No modify flag set, skipping phase 5
Phase 6 - check inode connectivity...
        - traversing filesystem ...
        - traversal finished ...
        - moving disconnected inodes to lost+found ...
Phase 7 - verify link counts...
No modify flag set, skipping filesystem flush and exiting.
xfs_repair -n exit status: 1

dirty-log.sh: done — see doc 08 S2 for what this means for adoption's mount-option choice on a disk with a dirty log
